id	university	grid_id
6	Univ Graz	grid.5110.5
8	Graz Univ Technol	grid.410413.3
10	Univ Innsbruck	grid.5771.4
14	Johannes Kepler Univ Linz	grid.9970.7
15	Univ Salzburg	grid.7039.d
19	Vienna Univ Technol	grid.5329.d
21	Univ Nat Resources & Life Sci - Vienna	grid.5173.0
22	Univ Vet Med Vienna	grid.6583.8
24	Univ Vienna	grid.10420.37
35	Univ Antwerp	
36	Vrije Univ Brussel	grid.8767.e
40	Univ Libre Bruxelles	
41	Hasselt Univ	grid.12155.32
42	Ghent Univ	
43	Katholieke Univ Leuven	grid.5596.f
44	Univ Liège	
45	Univ Catholique Louvain	
55	Univ Novi Sad	grid.10822.39
78	Univ Zagreb	grid.4808.4
81	Univ Cyprus	grid.6603.3
82	Brno Univ Technol	grid.4994.0
84	Masaryk Univ	
89	Palacký Univ Olomouc	grid.10979.36
95	Charles Univ	grid.4491.8
97	Czech Tech Univ Prague	grid.6652.7
98	Univ Chem & Technol - Prague	grid.448072.d
99	Czech Univ Life Sci Prague	grid.15866.3c
101	Aalborg Univ	grid.5117.2
102	Aarhus Univ	grid.7048.b
109	Univ Copenhagen	grid.5254.6
111	Tech Univ Denmark	grid.5170.3
112	Univ South Denmark	grid.10825.3e
117	Univ Tartu	grid.10939.32
118	Åbo Akademi Univ	grid.13797.3b
123	Univ Helsinki	grid.7737.4
125	Univ Jyväskylä	grid.9681.6
128	Univ Oulu	grid.10858.34
131	Univ Tampere	
133	Univ Turku	grid.1374.1
156	Univ Macau	grid.437123.0
167	Univ Kebangsaan Malaysia	grid.412113.4
168	Autonomous Univ Nuevo Leon	grid.411455.0
210	RWTH Aachen Univ	
214	Univ Bayreuth	grid.7384.8
215	Freie Univ Berlin	grid.14095.39
216	Humboldt Univ Berlin	grid.7468.d
217	Tech Univ Berlin	grid.6734.6
218	Bielefeld Univ	
219	Ruhr-Univ Bochum	grid.5570.7
220	Univ Bonn	grid.10388.32
222	Tech Univ Braunschweig	
223	Univ Bremen	grid.7704.4
224	Chemnitz Univ Technol	grid.6810.f
226	Tech Univ Darmstadt	
227	TU Dortmund Univ	
228	Tech Univ Dresden	grid.4488.0
229	Heinrich Heine Univ Düsseldorf	grid.411327.2
232	Friedrich-Alexander-Univ Erlangen-Nürnberg	grid.5330.5
233	Univ Duisburg-Essen	grid.5718.b
235	Goethe Univ Frankfurt	
236	Univ Freiburg	grid.5963.9
237	Justus Liebig Univ Giessen	grid.8664.c
238	Georg-August-Univ Göttingen	grid.7450.6
239	Univ Greifswald	grid.5603.0
243	Univ Hamburg	grid.9026.d
244	Hannover Med Sch	grid.10423.34
245	Gottfried Wilhelm Leibniz Univ Hannover	
246	Heidelberg Univ	
247	Friedrich Schiller Univ Jena	grid.9613.d
248	Tech Univ Kaiserslautern	grid.7645.0
250	Univ Kassel	grid.5155.4
251	Kiel Univ	grid.9764.c
252	Univ Cologne	
253	Univ Konstanz	grid.9811.1
254	Leipzig Univ	
256	Otto von Guericke Univ Magdeburg	
257	Johannes Gutenberg Univ Mainz	grid.5802.f
259	Ludwig-Maximilians Univ München	
260	Tech Univ Munich	
261	Carl von Ossietzky Univ Oldenburg	grid.5560.6
263	Paderborn Univ	
265	Univ Potsdam	grid.11348.3f
266	Univ Regensburg	grid.7727.5
267	Saarland Univ	grid.11749.3a
269	Univ Stuttgart	grid.5719.a
270	Eberhard Karls Univ Tübingen	grid.10392.39
273	Julius Maximilian Univ Würzburg	grid.8379.5
275	Univ Aberdeen	grid.7107.1
276	Univ Bath	
277	Univ Birmingham	
280	Univ Bristol	
281	Univ W England - Bristol	
282	Univ Cambridge	grid.5335.0
283	Univ Kent	grid.9759.2
286	Univ Essex	grid.8356.8
287	Univ Ulster	grid.12641.30
288	Coventry Univ	grid.8096.7
289	Univ Warwick	grid.7372.1
290	Cranfield Univ	grid.12026.37
291	Univ Dundee	grid.8241.f
293	Durham Univ	
295	Heriot-Watt Univ	grid.472615.3
295	Heriot-Watt Univ	grid.9531.e
296	Univ Edinburgh	
299	Univ Exeter	grid.8391.3
301	Univ Glasgow	
302	Univ Strathclyde	grid.11984.35
303	Univ Surrey	grid.5475.3
305	Univ Hull	grid.9481.4
306	Keele Univ	
309	Univ Leeds	grid.9909.9
311	Univ Leicester	grid.9918.9
314	Liverpool John Moores Univ	grid.4425.7
315	Univ Liverpool	
316	City Univ London	
318	Imperial Coll London	grid.7445.2
320	London Sch Hyg & Trop Med	grid.8991.9
325	Univ Coll London	grid.83440.3b
326	Univ Greenwich	grid.36316.31
330	Loughborough Univ	grid.6571.5
331	Manchester Metropolitan Univ	grid.25627.34
332	Univ Manchester	grid.5379.8
334	Open Univ	grid.10837.3d
335	Newcastle Univ	grid.1006.7
337	Univ Nottingham	grid.4563.4
339	Univ Oxford	grid.4991.5
341	Univ Plymouth	
344	Univ Portsmouth	grid.4701.2
348	Univ Sheffield	grid.11835.3e
349	Univ Southampton	grid.510431.2
349	Univ Southampton	grid.5491.9
351	Univ Stirling	grid.11918.30
353	Roy Holloway - Univ London	grid.4970.a
354	Swansea Univ	grid.4827.9
355	Brunel Univ London	
357	Univ York	grid.5685.e
362	Natl & Kapodistrian Univ Athens	grid.5216.0
363	Natl Tech Univ Athens	grid.4241.3
365	Univ Ioannina	grid.9594.1
366	Univ Crete	grid.8127.c
367	Democritus Univ Thrace	grid.12284.3d
369	Univ Patras	grid.11047.33
371	Aristotle Univ Thessaloniki	grid.4793.9
373	Univ Thessaly	grid.410558.d
375	Univ Windsor	grid.267455.7
378	Budapest Univ Technol & Econ	grid.6759.d
382	Eötvös Loránd Univ	grid.5591.8
384	Semmelweis Univ	grid.11804.3c
385	Univ Debrecen	grid.7122.6
389	Univ Pécs	grid.9679.1
391	Univ Szeged	grid.9008.1
394	Univ Iceland	grid.14013.37
395	Univ Coll Cork	
399	Trinity Coll Dublin	grid.8217.c
400	Univ Coll Dublin	
401	Dublin City Univ	grid.15596.3e
402	Natl Univ Ireland - Galway	grid.6142.1
403	Univ Limerick	grid.10049.3c
405	Univ Politec Marche	grid.7010.6
407	Univ Bari Aldo Moro	grid.7644.1
409	Univ Bologna	grid.6292.f
410	Brescia Univ	grid.7637.5
411	Univ Cagliari	grid.7763.5
416	Univ Catania	grid.8158.4
417	Gabriele d'Annunzio Univ	grid.412451.7
418	Univ Ferrara	grid.8484.0
419	Univ Florence	grid.8404.8
421	Univ Genoa	grid.5606.5
422	Univ l'Aquila	grid.158820.6
423	Univ Salento	grid.9906.6
424	Univ Messina	grid.10438.3e
426	Politec Milano	
427	Univ Cattolica Sacro Cuore	grid.8142.f
429	Univ Milan	grid.4708.b
430	Univ Milano-Bicocca	grid.7563.7
431	Univ Modena & Reggio Emilia	grid.7548.e
433	Univ Campania Luigi Vanvitelli	grid.9841.4
435	Univ Naples Federico II	grid.4691.a
436	Univ Padova	grid.5608.b
437	Univ Palermo	grid.10776.37
438	Univ Parma	grid.10383.39
439	Univ Pavia	grid.8982.b
441	Univ Pisa	grid.5395.a
446	Sapienza Univ Rome	grid.7841.a
447	Univ Rome Tor Vergata	grid.6530.0
448	Roma Tre Univ	grid.8509.4
450	Univ Sassari	grid.11450.31
451	Univ Siena	grid.9024.f
453	Politec Torino	
454	Univ Turin	grid.7605.4
455	Univ Trento	grid.11696.39
456	Univ Trieste	grid.5133.4
457	Univ Udine	grid.5390.f
461	Univ Verona	grid.5611.3
472	Vilnius Univ	grid.6441.7
473	Univ Luxembourg	grid.16008.3f
479	Univ Amsterdam	grid.7177.6
480	Vrije Univ Amsterdam	
482	Delft Univ Technol	grid.5292.c
483	Eindhoven Univ Technol	grid.6852.9
484	Univ Twente	grid.6214.1
485	Univ Groningen	grid.4830.f
487	Leiden Univ	grid.5132.5
488	Maastricht Univ	grid.5012.6
489	Radboud Univ	grid.5590.9
490	Erasmus Univ Rotterdam	grid.6906.9
491	Tilburg Univ	grid.12295.3d
493	Utrecht Univ	
494	Wageningen Univ & Res	
495	Norwegian Univ Life Sci	grid.19477.3c
497	Univ Bergen	grid.7914.b
499	Univ Oslo	grid.5510.1
500	Univ Stavanger	grid.18883.3a
501	UiT Artic Univ Norway	grid.10919.30
502	Norwegian Univ Sci & Technol	grid.5947.f
506	Gdańsk Univ Technol	grid.6868.0
507	Univ Gdańsk	grid.8585.0
509	Silesian Univ Technol	grid.6979.1
511	Med Univ Silesia	grid.411728.9
512	Univ Silesia Katowice	grid.11866.38
514	AGH Univ Sci & Technol	grid.9922.0
516	Jagiellonian Univ	grid.5522.0
517	Łódź Univ Technol	grid.412284.9
518	Univ Łódź	grid.10789.37
519	Maria Curie-Sklodowska Univ	grid.29328.32
521	Univ Warmia & Mazury Olsztyn	grid.412607.6
522	Adam Mickiewicz Univ Poznan	grid.5633.3
525	Poznań Univ Med Sci	grid.22254.33
526	Poznań Univ Technol	grid.6963.a
531	Nicolaus Copernicus Univ Toruń	grid.5374.5
536	Med Univ Warsaw	grid.13339.3b
538	Univ Warsaw	grid.12847.38
539	Warsaw Univ Technol	grid.1035.7
540	Warsaw Univ Life Sci	grid.13276.31
541	Wrocław Univ Environ & Life Sci	
542	Univ Wrocław	grid.8505.8
543	Wrocław Med Univ	grid.4495.c
545	Wrocław Univ Sci & Technol	grid.7005.2
547	Univ Aveiro	
548	Univ Minho	
549	Univ Coimbra	grid.8051.c
559	Univ Nova Lisboa	grid.10772.33
561	Univ Porto	
570	Univ Bucharest	grid.5100.4
571	Polytech Univ Bucarest	grid.4551.5
572	Babeș-Bolyai Univ	grid.7399.4
592	Nagoya Inst Technol	grid.47716.33
594	Yokohama Natl Univ	grid.268446.a
608	Comenius Univ Bratislava	
611	Slovak Univ Technol Bratislava	grid.440789.6
619	Univ Ljubljana	grid.8954.0
620	Univ Maribor	grid.8647.d
621	Univ Alcalá	grid.7159.a
622	Univ Alicante	grid.5268.9
623	Univ Extremadura	grid.8393.1
625	Univ Aut Barcelona	grid.7080.f
626	Univ Barcelona	grid.5841.8
627	Univ Politècnica Catalunya - BarcelonaTech	
628	Pompeu Fabra Univ	grid.5612.0
631	Univ Cádiz	grid.7759.c
634	Univ Castilla-La Mancha	
635	Univ Cordoba	grid.411901.c
637	Univ Girona	grid.5319.e
638	Univ Granada	grid.4489.1
640	Univ Jaén	grid.21507.31
641	Univ A Coruña	grid.8073.c
642	Univ La Laguna	grid.10041.34
643	Univ Las Palmas Gran Canaria	grid.4521.2
644	Univ Basque Country	grid.11480.3c
646	Univ Lleida	grid.15043.33
648	Univ Aut Madrid	grid.5515.4
649	Complutense Univ Madrid	grid.4795.f
650	Natl Distance Educ Univ	grid.10702.34
651	Tech Univ Madrid	
654	Univ Malaga	grid.10215.37
655	Rey Juan Carlos Univ	grid.28479.30
656	Univ Murcia	grid.10586.3a
657	Univ Oviedo	grid.10863.3c
658	Univ Balearic Islands	grid.9563.9
659	Univ Navarra	
662	Univ Salamanca	grid.11762.33
663	Univ Cantabria	grid.7821.c
664	Univ Santiago Compostela	grid.11794.3a
665	Univ Seville	grid.9224.d
666	Univ Rovira & Virgili	grid.410367.7
667	Univ Politècnica València	
668	Univ Valencia	grid.5338.d
669	Univ Valladolid	grid.5239.d
670	Univ Vigo	grid.6312.6
671	Univ Zaragoza	grid.11205.37
672	Chalmers Univ Technol	grid.5371.0
673	Univ Gothenburg	grid.8761.8
677	Linköping Univ	grid.5640.7
678	Luleå Univ Technol	grid.6926.b
679	Lund Univ	grid.4514.4
682	Örebro Univ	grid.15895.30
684	Karolinska Inst	grid.4714.6
685	KTH Royal Inst Technol	grid.5037.1
687	Stockholm Univ	grid.10548.38
688	Umeå Univ	grid.12650.30
689	Uppsala Univ	grid.8993.b
690	Univ Basel	grid.6612.3
693	Univ Bern	grid.5734.5
695	Univ Fribourg	grid.8534.a
696	Univ Geneva	grid.8591.5
697	Ecole Polytech Féd Lausanne	
698	Univ Lausanne	grid.9851.5
703	ETH Zurich	grid.5801.c
704	Univ Zurich	grid.7400.3
705	Çukurova Univ	grid.98622.37
706	Sakarya Univ	grid.49746.38
707	Ankara Univ	grid.7256.6
708	Bilkent Univ	grid.18376.3b
710	Gazi Univ	grid.25769.3f
711	Hacettepe Univ	grid.14442.37
712	Middle E Tech Univ	grid.6935.9
715	Akdeniz Univ	grid.29906.34
718	Bursa Uludağ Univ	
719	Pamukkale Univ	grid.411742.5
722	Fırat Univ	grid.411320.5
723	Atatürk Univ	grid.411445.1
726	Süleyman Demirel Univ	grid.45978.37
727	Boğaziçi Univ	grid.11220.30
730	İstanbul Tech Univ	grid.10516.33
731	İstanbul Univ	grid.9601.e
732	Marmara Univ	grid.16477.33
735	Yıldız Tech Univ	grid.38575.3c
736	Dokuz Eylül Univ	grid.21200.31
737	Ege Univ	grid.8302.9
739	Selçuk Univ	grid.17242.32
740	Erciyes Univ	grid.411739.9
741	Kocaeli Univ	grid.411105.0
743	İnönü Univ	grid.411650.7
747	Samsun Ondokuz Mayis Univ	grid.411049.9
749	Karadeniz Tech Univ	grid.31564.35
750	Yüzüncü Yıl Univ	grid.411703.0
781	Queen's Univ Belfast	grid.4777.3
785	Univ Sussex	grid.12082.39
790	Aston Univ	grid.7273.1
793	Univ Huddersfield	grid.15751.37
794	Lancaster Univ	
796	Northumbria Univ	grid.42629.3b
797	Univ E Anglia	grid.8273.e
800	Univ Reading	grid.9435.b
802	Univ St Andrews	grid.11914.3c
807	Politecnico Bari	grid.4466.0
811	Univ Insubria	grid.18147.3b
812	Univ Perugia	grid.9027.c
813	Univ Salerno	grid.11780.3f
818	Vita-Salute San Raffaele Univ	grid.15496.3f
846	King's Coll London	grid.13097.3c
848	Bangor Univ	grid.7362.0
849	Cardiff Univ	grid.5600.3
854	Swed Univ Agr Sci	grid.6341.0
876	Martin Luther Univ Halle-Wittenberg	
877	Univ Hohenheim	grid.9464.f
878	Univ Lübeck	grid.4562.5
880	Philipps-Univ Marburg	grid.10253.35
882	Techn Univ Bergakad Freiberg	grid.6862.a
883	Univ Münster	grid.5949.1
884	Univ Rostock	grid.10493.3f
885	Ulm Univ	grid.6582.9
916	Hebrew Univ Jerusalem	grid.9619.7
920	Bar-Ilan Univ	grid.22098.31
921	Tel Aviv Univ	grid.12136.37
922	Ben-Gurion Univ Negev	grid.7489.2
924	Univ Haifa	grid.18098.38
947	Med Univ Białystok	grid.48324.39
958	Med Univ Lublin	grid.411484.c
959	Med Univ Lódz	grid.8267.b
960	Med Univ Gdansk	grid.11451.30
962	Univ Agr Kraków	grid.410701.3
963	Univ Life Sci Lublin	grid.411201.7
964	Poznań Univ Life Sci	grid.410688.3
975	W Pomeranian Univ Technol - Szczecin	grid.411391.f
989	Carlos III Univ Madrid	grid.7840.b
998	Miguel Hernández Univ	grid.26811.3c
1002	Univ Almería	grid.28020.38
1003	Univ Jaume I	grid.9612.c
1014	Anadolu Univ	grid.41206.31
1015	Koç Univ	grid.15876.3d
1016	Başkent Univ	grid.411548.d
1033	Eskişehir Osmangazi Univ	grid.164274.2
1034	Queen Mary Univ London	
1037	London Sch Econ & Polit Sci	grid.13063.37
1046	Technion - Israel Inst Technol	
1047	Weizmann Inst Sci	grid.13992.30
1052	Univ Buenos Aires	grid.7345.5
1053	Univ Nal La Plata	grid.9499.d
1054	Univ Adelaide	grid.1010.0
1055	Univ Queensland	grid.1003.2
1056	Australian Natl Univ	grid.1001.0
1057	Monash Univ	grid.1002.3
1058	Univ Melbourne	grid.1008.9
1059	Univ Newcastle	
1060	Univ West Australia	grid.1012.2
1061	Univ New S Wales	grid.1005.4
1062	Univ Sydney	grid.1013.3
1063	Univ Fed Minas Gerais	grid.8430.f
1064	Univ Campinas	
1065	Fed Univ Rio Grande do Sul	grid.8532.c
1066	Univ Fed Rio de Janeiro	
1067	Univ São Paulo	
1068	Simon Fraser Univ	grid.61971.38
1069	Univ Calgary	grid.22072.35
1070	Univ Alberta	grid.17089.37
1071	Univ Guelph	grid.34429.38
1072	Dalhousie Univ	grid.55602.34
1073	McMaster Univ	grid.25073.33
1074	Queen's Univ	
1075	West Univ	grid.39381.30
1076	McGill Univ	grid.14709.3b
1077	Univ Montréal	grid.14848.31
1078	Carleton Univ	grid.34428.39
1079	Univ Ottawa	grid.28046.38
1081	Univ Saskatchewan	grid.25152.31
1082	Univ Laval	grid.23856.3a
1083	Univ Toronto	grid.17063.33
1084	Univ British Columbia	grid.17091.3e
1085	Univ Victoria	grid.143640.4
1086	Univ Waterloo	grid.46078.3d
1087	Univ Manitoba	grid.21613.37
1088	Univ Chile	
1091	Chiba Univ	grid.136304.3
1092	Kyushu Univ	grid.177174.3
1093	Gifu Univ	grid.256342.4
1095	Hiroshima Univ	grid.257022.0
1096	Kagoshima Univ	grid.258333.c
1097	Kanazawa Univ	grid.9707.9
1098	Kobe Univ	grid.31432.37
1099	Kumamoto Univ	grid.274841.c
1100	Kyoto Univ	grid.258799.8
1101	Nagasaki Univ	grid.174567.6
1102	Nagoya Univ	grid.27476.30
1103	Niigata Univ	grid.260975.f
1104	Okayama Univ	grid.261356.5
1105	Osaka City Univ	grid.261445.0
1106	Osaka Univ	grid.136593.b
1107	Hokkaido Univ	grid.39158.36
1108	Tohoku Univ	grid.69566.3a
1110	Tokushima Univ	grid.267335.6
1111	Keio Univ	grid.26091.3c
1112	Tokyo Inst Technol	grid.32197.3e
1113	Tokyo Med & Dent Univ	grid.265073.5
1114	Univ Tokyo	grid.26999.3d
1115	Waseda Univ	grid.5290.e
1117	Mie Univ	grid.260026.0
1118	Univ Tsukuba	grid.20515.33
1121	Natl Auto Univ Mexico	
1122	Univ Auckland	grid.9654.e
1123	Univ Otago	grid.29980.3a
1124	Peking Univ	grid.11135.37
1125	Tsinghua Univ	
1126	Jilin Univ	grid.64924.3d
1127	Zhejiang Univ	grid.13402.34
1128	Univ Sci & Technol China	grid.59053.3a
1129	Chinese Univ Hong Kong	
1130	City Univ Hong Kong	grid.35030.35
1131	Hong Kong Polytech Univ	grid.16890.36
1132	Hong Kong Univ Sci & Technol	grid.24515.37
1133	Univ Hong Kong	grid.194645.b
1134	Shandong Univ	grid.27255.37
1135	Lanzhou Univ	grid.32566.34
1136	Nanjing Univ	grid.41156.37
1137	Fudan Univ	grid.8547.e
1138	Shanghai Jiao Tong Univ	grid.16821.3c
1139	Nankai Univ	grid.216938.7
1140	Huazhong Univ Sci & Technol	
1141	Wuhan Univ	grid.49470.3e
1142	Lomonosov Moscow State Univ	grid.14476.30
1143	St Petersburg State Univ	grid.15447.33
1144	Nanyang Technol Univ	
1145	Natl Univ Singapore	grid.4280.e
1146	Univ Cape Town	grid.7836.a
1147	Univ Witwatersrand	grid.11951.3d
1163	Univ New Mexico	grid.266832.b
1164	Iowa State Univ	grid.34421.30
1165	Univ Massachusetts Amherst	grid.266683.f
1166	Univ Michigan	grid.214458.e
1167	Univ Georgia - Athens	grid.213876.9
1168	Emory Univ	grid.189967.8
1169	Georgia Inst Technol	grid.213917.f
1170	Auburn Univ	grid.252546.2
1172	Univ Texas - Austin	grid.89336.37
1173	Johns Hopkins Univ	grid.21107.35
1174	Univ Maryland - Baltimore	grid.411024.2
1175	Louisiana State Univ	grid.64337.35
1176	Univ California - Berkeley	grid.47840.3f
1177	Univ Alabama - Birmingham	grid.265892.2
1178	Virginia Tech	
1179	Indiana Univ - Bloomington	grid.411377.7
1180	Boston Univ	grid.189504.1
1182	Northeastern Univ - USA	grid.261112.7
1183	Tufts Univ	grid.429997.8
1184	Univ Colorado - Boulder	
1185	Univ Buffalo - SUNY	
1186	Univ Vermont	grid.59062.38
1187	Harvard Univ	grid.38142.3c
1188	MIT	grid.116068.8
1189	Univ N Carolina - Chapel Hill	grid.10698.36
1190	Med Univ S Carolina	grid.259828.c
1191	Univ Virginia	grid.27755.32
1192	Northwestern Univ	grid.16753.36
1193	Univ Chicago	grid.170205.1
1194	Univ Illinois - Chicago	grid.185648.6
1195	Univ Cincinnati	grid.24827.3b
1196	Clemson Univ	grid.26090.3d
1197	Case West Reserve Univ	grid.67105.35
1198	Univ Maryland - College Park	grid.164295.d
1199	Texas A&M Univ - College Stn	grid.264756.4
1200	Univ Missouri - Columbia	grid.134936.a
1201	Univ S Carolina - Columbia	grid.254567.7
1202	Ohio State Univ	grid.261331.4
1203	Oregon State Univ	grid.4391.f
1204	Univ Texas - Dallas	grid.267323.1
1205	Univ California - Davis	grid.27860.3b
1206	Univ Colorado - Denver	grid.241116.1
1207	Wayne State Univ	grid.254444.7
1208	Duke Univ	grid.26009.3d
1209	Univ Oregon	grid.170202.6
1212	Univ Arkansas - Fayetteville	grid.411017.2
1213	Colorado State Univ	grid.47894.36
1214	Univ Florida	grid.15276.37
1215	Univ Texas - Med Branch - Galveston	grid.176731.5
1216	Dartmouth Coll	grid.254880.3
1218	Univ Hawaii - Manoa	grid.410445.0
1219	Baylor Coll Med	grid.39382.33
1220	Rice Univ	grid.21940.3e
1221	Univ Houston - Houston	grid.266436.3
1222	Univ Texas - Hlth Sci Ctr - Houston	grid.267308.8
1223	Indiana Univ - Purdue Univ Indianapolis	grid.257413.6
1224	Univ Iowa	grid.214572.7
1225	Univ California - Irvine	grid.266093.8
1226	Cornell Univ	grid.5386.8
1228	Univ Tennessee - Knoxville	grid.411461.7
1230	Purdue Univ - W Lafayette	grid.169077.e
1231	Michigan State Univ	grid.17088.36
1232	Univ Kansas	grid.266515.3
1233	Univ Kentucky	grid.266539.d
1234	Univ Nebraska - Lincoln	grid.24434.35
1235	Univ Arkansas Med Sci - Little Rock	grid.241054.6
1237	Univ California - Los Angeles	grid.19006.3e
1238	Univ South California	grid.42505.36
1239	Univ Louisville	grid.266623.5
1240	Texas Tech Univ	grid.264784.b
1241	Univ Wisconsin - Madison	grid.14003.36
1242	Kansas State Univ	grid.36567.31
1243	Loyola Univ Chicago	grid.164971.c
1245	Univ Miami	grid.26790.3a
1246	Med Coll Wisconsin	grid.30760.32
1247	Univ Minnesota - Twin Cities	grid.17635.36
1248	W Virginia Univ	grid.268154.c
1249	Vanderbilt Univ	grid.152326.1
1251	Yale Univ	grid.47100.32
1253	Tulane Univ	grid.265219.b
1255	Columbia Univ	grid.21729.3f
1258	Icahn Sch Med - Mt Sinai	
1260	NYU	grid.137628.9
1261	Rockefeller Univ	grid.134907.8
1262	Yeshiva Univ	grid.268433.8
1263	Univ Delaware	grid.33489.35
1265	Univ Oklahoma	grid.266900.b
1266	Univ Notre Dame	grid.131063.6
1269	Caltech	grid.20861.3d
1270	Temple Univ	grid.264727.2
1271	Thomas Jefferson Univ	grid.265008.9
1272	Univ Penn	grid.25879.31
1274	Carnegie Mellon Univ	grid.147455.6
1274	Carnegie Mellon Univ	grid.508475.b
1275	Univ Pittsburgh	grid.21925.3d
1276	Oregon Hlth & Sci Univ	grid.5288.7
1277	Princeton Univ	grid.16750.35
1278	Brown Univ	grid.40263.33
1279	Brigham Young Univ	grid.253294.b
1280	Washington State Univ	grid.30064.31
1281	N Carolina State Univ	grid.40803.3f
1282	Univ Nevada - Reno	grid.266818.3
1283	Virginia Commonwealth Univ	grid.224260.0
1284	Univ California - Riverside	grid.266097.c
1285	Univ Rochester	grid.16416.34
1286	Univ Utah	grid.223827.e
1287	Univ Texas - San Antonio	grid.215352.2
1288	Univ California - San Diego	grid.266100.3
1289	Univ California - San Francisco	grid.266102.1
1290	Univ California - Santa Barbara	grid.133342.4
1291	Univ California - Santa Cruz	grid.205975.c
1292	Univ Washington - Seattle	grid.34477.33
1293	St Louis Univ	grid.262962.b
1294	Washington Univ St Louis	grid.4367.6
1296	Stanford Univ	grid.168010.e
1297	Oklahoma State Univ - Stillwater	grid.65519.3e
1298	Stony Brook Univ - SUNY	grid.36425.36
1299	Univ Connecticut	grid.63054.34
1300	Syracuse Univ	grid.264484.8
1301	Florida State Univ	grid.255986.5
1302	Univ S Florida - Tampa	grid.170693.a
1303	Arizona State Univ	grid.215654.1
1304	Rensselaer Polytech Inst	grid.33647.35
1305	Univ Arizona	grid.134563.6
1306	Univ Alabama - Tuscaloosa	grid.411015.0
1307	Penn State Univ	grid.29857.31
1308	Univ Illinois - Urbana-Champaign	grid.35403.31
1309	George Washington Univ	grid.253615.6
1310	Georgetown Univ	grid.213910.8
1311	Wake Forest Univ	grid.241167.7
1312	Univ Massachusetts Med Sch	grid.168645.8
1315	Med Univ Graz	grid.11598.34
1316	Med Univ Innsbruck	
1317	Med Univ Vienna	grid.22937.3d
1318	Brandeis Univ	grid.253264.4
1335	Griffith Univ	grid.1022.1
1336	RMIT Univ	grid.1017.7
1337	Univ S Australia	grid.1026.5
1338	Univ Technol - Sydney	grid.117476.2
1339	Flinders Univ	grid.1014.4
1349	Alexandria Univ	grid.7155.6
1363	Univ Sains Malaysia	grid.11875.3a
1364	Univ Guadalajara	grid.412890.6
1371	HSE Univ	
1373	King Abdulaziz Univ	grid.412125.1
1374	King Saud Univ	grid.56302.32
1375	King Fahd Univ Petrol & Minerals	grid.412135.0
1379	Univ Sfax	grid.412124.0
1399	Karlsruhe Inst Technol	grid.7892.4
1400	Aalto Univ	grid.5373.2
1407	Northwestern Polytech Univ	grid.440588.5
1408	Sichuan Univ	grid.13291.38
1409	Harbin Inst Technol	grid.19373.3f
1410	Dalian Univ Technol	grid.30055.33
1411	Tianjin Univ	grid.33763.32
1412	Sun Yat-sen Univ	grid.12981.33
1413	Xiamen Univ	grid.12955.3a
1414	Beijing Normal Univ	grid.20513.35
1415	China Agr Univ	grid.22935.3f
1416	Tongji Univ	grid.24516.34
1417	Shanghai Univ	grid.39436.3b
1418	E China Univ Sci & Technol	grid.28056.39
1419	Xi'an Jiaotong Univ	grid.43169.39
1431	Univ Pretoria	grid.49697.35
1432	Stellenbosch Univ	
1433	Univ Wollongong	grid.1007.6
1434	Univ Tasmania	grid.1009.8
1435	Queensland Univ Technol	grid.1024.7
1436	La Trobe Univ	grid.1018.8
1437	Macquarie Univ	grid.1004.5
1438	Univ Sherbrooke	grid.86715.3d
1439	Concordia Univ	
1440	York Univ	grid.21100.32
1441	Mem Univ Newfoundland	grid.25055.37
1442	Yokohama City Univ	grid.268441.d
1443	Nihon Univ	grid.260969.2
1444	Juntendo Univ	grid.258269.2
1451	Massey Univ	grid.148374.d
1452	Univ Malaya	grid.10347.31
1458	Pontificia Univ Católica Chile	
1459	Univ Fed São Paulo	
1460	Univ Fed Santa Catarina	grid.411237.2
1461	Univ Estadual Paulista	grid.410543.7
1462	Univ Cent Florida	grid.170430.1
1463	Drexel Univ	grid.166341.7
1464	Univ Albany - SUNY	grid.265850.c
1465	Georgia State Univ	grid.256304.6
1466	Utah State Univ	grid.53857.3c
1467	San Diego State Univ	grid.263081.e
1468	Univ Toledo	grid.267337.4
1469	Rush Univ	grid.262743.6
1470	Univ Mississippi	grid.251313.7
1471	Univ Wisconsin - Milwaukee	grid.267468.9
1472	Univ New Hampshire	grid.167436.1
1473	Mississippi State Univ	grid.260120.7
1474	George Mason Univ	grid.22448.38
1475	Univ Belgrade	grid.7149.b
1476	Fed Univ Mato Grosso	
1477	Univ East Finland	grid.9668.1
1479	Univ Fed Paraná	grid.20736.30
1480	Univ Fed Viçosa	grid.12799.34
1481	Fed Univ Pernambuco	grid.411227.3
1482	Fed Univ Santa Maria	grid.411239.c
1483	Univ Brasília	grid.7632.0
1484	Univ Fed Ceará	grid.8395.7
1485	Fed Univ São Carlos	grid.411247.5
1486	Rio de Janeiro State Univ	grid.412211.5
1487	State Univ Maringá	grid.271762.7
1488	Univ Fed Bahia	grid.8399.b
1489	Univ Fed Fluminense	grid.411173.1
1490	Londrina State Univ	
1491	Univ Fed Uberlândia	grid.411284.a
1492	Univ Fed Goiás	
1493	Fed Univ Paraíba	grid.411216.1
1494	Fed Univ Lavras	
1495	Fed Univ Pelotas	
1497	Fed Univ Para	grid.271300.7
1498	Fed Univ Rio Grande do Norte	grid.411233.6
1501	Univ Free State	grid.412219.d
1502	Univ KwaZulu-Natal	grid.16463.36
1503	Rhodes Univ	grid.91354.3a
1506	Univ Johannesburg	grid.412988.e
1507	North-West Univ	grid.25881.36
1515	Tehran Univ Med Sci	grid.411705.6
1516	Univ Tehran	grid.46072.37
1517	Sharif Univ Technol	grid.412553.4
1518	Shiraz Univ	grid.412573.6
1519	Tarbiat Modares Univ	grid.412266.5
1520	Amirkabir Univ Technol	grid.411368.9
1521	Shiraz Univ Med Sci	grid.412571.4
1522	Isfahan Univ Technol	grid.411751.7
1523	Iran Univ Sci & Technol	grid.411748.f
1524	Univ Tabriz	grid.412831.d
1525	Shahid Beheshti Univ Med Sci	grid.411600.2
1526	Univ Quebec Montreal	grid.38678.32
1528	Ain Shams Univ	grid.7269.a
1529	Cairo Univ	grid.7776.1
1530	Gunma Univ	grid.256642.1
1532	Univ Canterbury	grid.21006.35
1533	Cent S Univ	grid.216417.7
1534	Southeast Univ	grid.263826.b
1535	E China Normal Univ	grid.22069.3f
1536	S China Univ Technol	grid.79703.3a
1537	Hunan Univ	grid.67293.39
1538	Univ Sci & Technol Beijing	grid.69775.3a
1539	E Carolina Univ	grid.255364.3
1540	Florida Intl Univ	grid.65456.34
1542	Ehime Univ	grid.255464.4
1543	Kindai Univ	grid.258622.9
1544	Kitasato Univ	grid.410786.c
1545	Shinsu Univ	grid.263518.b
1546	Tokai Univ	grid.265061.6
1547	Tokyo Univ Agr & Technol	grid.136594.c
1548	Tottori Univ	grid.265107.7
1549	Yamagata Univ	grid.268394.2
1550	Yamaguchi Univ	grid.268397.1
1552	Univ Texas - Hlth Sci Ctr - San Antonio	grid.267309.9
1553	Univ Texas - Southwestern Med Ctr - Dallas	
1555	Univ Texas - Arlington	grid.267315.4
1557	Univ Texas - El Paso	grid.267324.6
1577	James Cook Univ	grid.1011.1
2335	Korea Univ	grid.222754.4
2340	Seoul Natl Univ	grid.31501.36
2347	Yonsei Univ	grid.15444.30
2354	Kyungpook Natl Univ	grid.258803.4
2357	Chonnam Natl Univ	grid.14005.30
2361	Sungkyunkwan Univ	grid.264381.a
2369	Inha Univ	grid.202119.9
2371	Chungnam Natl Univ	grid.254230.2
2373	Kyung Hee Univ	grid.289247.2
2380	Ewha Womans Univ	grid.255649.9
2383	Hanyang Univ	grid.49606.3d
2389	Univ Ulsan	grid.267370.7
2393	Ajou Univ	grid.251916.8
2395	Jeonbuk Natl Univ	
2397	Cath Univ Korea	grid.411947.e
2404	Konkuk Univ	grid.258676.8
2406	Korea Adv Inst Sci & Technol	grid.37172.30
2407	Pohang Univ Sci & Technol	grid.49100.3c
2408	Pusan Natl Univ	grid.262229.f
2415	Natl Cent Univ	grid.37589.30
2416	Natl Chiao Tung Univ	grid.260539.b
2417	Natl Tsing Hua Univ	grid.38348.34
2418	Natl Cheng Kung Univ	grid.64523.36
2420	Natl Taiwan Univ	grid.19188.39
2422	Natl Yang-Ming Univ	grid.260770.4
2425	Chang Gung Univ	grid.145695.a
2428	Natl Sun Yat-sen Univ	grid.412036.2
2430	Natl Chung Hsing Univ	grid.260542.7
2431	Kaohsiung Med Univ	grid.412019.f
2434	Natl Taiwan Univ Sci & Technol	grid.45907.3f
2435	Indian Inst Sci	grid.34980.36
2436	Indian Inst Technol Bombay	grid.417971.d
2438	Manipal Acad High Educ	grid.411639.8
2440	Vellore Inst Technol	
2441	Indian Inst Technol Kharagpur	grid.429017.9
2443	All India Inst Med Sci	
2445	Indian Inst Technol Madras	
2446	Indian Inst Technol Delhi	grid.417967.a
2448	Banaras Hindu Univ	grid.411507.6
2451	Indian Inst Technol Kanpur	grid.417965.8
2452	Univ Delhi	grid.8195.5
2454	Jadavpur Univ	grid.216499.1
2455	Postgrad Inst Med Educ & Res	grid.415131.3
2458	Panjab Univ	grid.261674.0
2460	Aligarh Muslim Univ	grid.411340.3
2461	Univ Calcutta	grid.59056.3f
2462	Anna Univ	grid.252262.3
2463	Univ Hyderabad	grid.18048.35
2466	Indian Inst Technol Roorkee	grid.19003.3b
2470	Annamalai Univ	grid.411408.8
2472	Jawaharlal Nehru Univ	grid.10706.30
2475	Indian Stat Inst	grid.39953.35
2478	Guru Nanak Dev Univ	grid.411894.1
2489	Bharathiar Univ	grid.411677.2
2490	Jamia Millia Islamia	grid.411818.5
2491	Savitribai Phule Pune Univ	grid.32056.32
2499	Indian Inst Technol Guwahati	grid.417972.e
2515	Pondicherry Univ	grid.412517.4
2525	Mahidol Univ	grid.10223.32
2529	Chiang Mai Univ	grid.7132.7
2531	Chulalongkorn Univ	grid.7922.e
2533	Khon Kaen Univ	grid.9786.0
2535	Prince Songkla Univ	grid.7130.5
2537	Kasetsart Univ	grid.9723.f
2546	Univ Paris-Est Créteil Val de Marne	
2578	Univ Sorbonne Paris Nord	grid.11318.3a
2580	Univ Versailles Saint-Quentin-en-Yvelines	grid.12832.3a
2594	Univ Tours	grid.12366.30
2596	Univ Nantes	grid.4817.a
2604	Univ Caen Normandy	
2621	Univ Poitiers	grid.11166.31
2625	Univ Rennes 1	grid.410368.8
2630	Univ Rouen	grid.10400.35
2634	Univ Strasbourg	grid.11843.3f
2638	Univ Toulouse III - Paul Sabatier	grid.15781.3a
2641	Aix-Marseille Univ	grid.5399.6
2660	Univ Angers	grid.7252.2
2662	Claude Bernard Lyon 1 Univ	grid.7849.2
2683	Univ West Brittany	grid.6289.5
2701	Univ Lorraine	grid.29172.3f
2703	Univ Orléans	grid.112485.b
2779	Inst Natl Polytech Toulouse	grid.15363.32
2812	Univ Waikato	grid.49481.30
2856	Chung-Ang Univ	grid.254224.7
2874	Natl Res Tomsk Polytech Univ	grid.27736.37
2881	Moscow Inst Phys & Technol	grid.18763.3b
2943	Swinburne Univ Technol	grid.1027.4
2944	Univ Canberra	grid.1039.b
2945	West Sydney Univ	
3327	Soochow Univ	grid.263761.7
3328	Univ Electron Sci & Technol China	grid.54549.39
3329	Capital Med Univ	grid.24696.3f
3330	Air Force Med Univ	
3331	Chongqing Univ	grid.190737.b
3332	Beijing Univ Chem Technol	grid.48166.3d
3333	Second Mil Med Univ	grid.73113.37
3334	Beijing Inst Technol	grid.43555.32
3335	Nanjing Med Univ	grid.89957.3a
3336	Beihang Univ	grid.64939.31
3337	Huazhong Agr Univ	grid.35155.37
3338	China Med Univ	grid.412449.e
3339	Nanjing Agr Univ	grid.27871.3b
3340	Zhengzhou Univ	grid.207374.5
3341	Xidian Univ	grid.440736.2
3342	Army Med Univ	
3343	Nanjing Univ Aeronaut & Astronaut	grid.64938.30
3344	S China Normal Univ	grid.263785.d
3345	Northeast Normal Univ	grid.27446.33
3346	Nanjing Univ Sci & Technol	grid.410579.e
3347	Nanjing Tech Univ	
3348	Natl Univ Defense Technol	grid.412110.7
3349	Donghua Univ	grid.255169.c
3350	Ocean Univ China	grid.4422.0
3351	Northeastern Univ	grid.412252.2
3352	Jiangsu Univ	grid.440785.a
3353	Southwest Univ	grid.263906.8
3354	China Pharmaceut Univ	grid.254147.1
3356	Northwest Agr & Forestry Univ	grid.144022.1
3357	Zhejiang Univ Technol	grid.469325.f
3358	Beijing Univ Technol	grid.28703.3e
3359	Wuhan Univ Technol	grid.162110.5
3360	Harbin Med Univ	grid.410736.7
3361	Fuzhou Univ	grid.411604.6
3362	Jinan Univ	grid.258164.c
3363	Chongqing Med Univ	grid.203458.8
3364	Beijing Jiaotong Univ	grid.181531.f
3365	Peking Union Med Coll	grid.506261.6
3366	Nanjing Normal Univ	grid.260474.3
3367	Nanchang Univ	grid.260463.5
3368	Shaanxi Normal Univ	grid.412498.2
3369	Xiangtan Univ	grid.412982.4
3370	South Med Univ	grid.284723.8
3371	Beijing Univ Posts & Telecom	grid.31880.32
3372	Zhejiang Normal Univ	grid.453534.0
3373	S China Agr Univ	grid.20561.30
3374	Yangzhou Univ	grid.268415.c
3375	Southwest Jiaotong Univ	grid.263901.f
3376	Tianjin Med Univ	grid.265021.2
3379	Qingdao Univ Sci & Technol	grid.412610.0
3380	China Univ Geosci	
3381	Cent China Normal Univ	grid.411407.7
3382	Yunnan Univ	grid.440773.3
3383	Henan Univ	grid.256922.8
3384	Shanxi Univ	grid.163032.5
3385	Shanghai Normal Univ	grid.412531.0
3386	Anhui Med Univ	grid.186775.a
3387	Shenyang Pharmaceut Univ	grid.412561.5
3388	Harbin Engn Univ	grid.33764.35
3389	Hunan Normal Univ	grid.411427.5
3390	Shandong Agr Univ	grid.440622.6
3391	Ningbo Univ	grid.203507.3
3392	Northwest Univ	grid.412262.1
3393	Henan Normal Univ	grid.462338.8
3394	Hefei Univ Technol	grid.256896.6
3395	Qingdao Univ	grid.410645.2
3396	Yanshan Univ	grid.413012.5
3397	Wenzhou Med Univ	grid.268099.c
3398	Capital Normal Univ	grid.253663.7
3399	Northeast Forestry Univ	grid.412246.7
3400	Hebei Univ	grid.256885.4
3401	Guangxi Univ	grid.256609.e
3402	Univ Jinan	grid.454761.5
3403	Northwest Normal Univ	grid.412260.3
3404	Anhui Normal Univ	grid.440646.4
3405	Liaocheng Univ	grid.411351.3
3406	Anhui Univ	grid.252245.6
3407	Shandong Normal Univ	grid.410585.d
3408	Hebei Med Univ	grid.256883.2
3409	Nantong Univ	grid.260483.b
3410	China Univ Min & Technol	grid.411510.0
3411	Shantou Univ	grid.263451.7
3413	Hohai Univ	grid.257065.3
3414	Hangzhou Normal Univ	grid.410595.c
3415	Hong Kong Baptist Univ	grid.221309.b
3416	China Univ Petrol Beijing	grid.411519.9
3416	China Univ Petrol Beijing	grid.497420.c
3417	Zhejiang Sci-Tech Univ	grid.413273.0
3418	Beijing Forestry Univ	grid.66741.32
3419	Kunming Univ Sci & Technol	grid.218292.2
3420	Taiyuan Univ Technol	grid.440656.5
3421	N China Elect Power Univ	grid.261049.8
3422	Wenzhou Univ	grid.412899.f
3423	Tianjin Polytech Univ	grid.410561.7
3456	Univ Wyoming	grid.135963.b
3470	N Dakota State Univ	grid.261055.5
3471	Univ Nebraska Med Ctr	
3472	Univ N Texas	grid.266869.5
3475	Lehigh Univ	grid.259029.5
3476	Ohio Univ	grid.20627.31
3476	Ohio Univ	grid.431219.c
3477	Montana State Univ	grid.41891.35
3479	South Illinois Univ - Carbondale	grid.263856.c
3481	Univ Akron	grid.265881.0
3482	Univ Nevada - Las Vegas	grid.272362.0
3483	Univ N Carolina - Charlotte	grid.266859.6
3484	Kent State Univ	grid.258518.3
3484	Kent State Univ	grid.501861.b
3485	Boston Coll	grid.208226.c
3486	New Mexico State Univ	grid.24805.3b
3487	Loma Linda Univ	grid.43582.38
3488	Univ Missouri - Kansas City	
3490	Univ Idaho	grid.266456.5
3491	Univ Memphis	grid.56061.34
3492	Binghamton Univ - SUNY	grid.264260.4
3494	Michigan Technol Univ	grid.259979.9
3495	Missouri Univ Sci & Technol	grid.260128.f
3496	Old Dominion Univ	grid.261368.8
3497	Colorado Sch Mines	grid.254549.b
3498	Uniformed Services Univ Hlth Sci	grid.265436.0
3499	Miami Univ	grid.259956.4
3500	Univ Maine - Orono	grid.21106.34
3502	Portland State Univ	grid.262075.4
3503	Univ Rhode Island	grid.20431.34
3506	Univ Maryland - Baltimore County	grid.266673.0
3507	Univ Montana	grid.253613.0
3508	New Jersey Inst Technol	grid.260896.3
3509	Illinois Inst Technol	grid.62813.3e
3510	Coll William & Mary	grid.264889.9
3512	Marquette Univ	grid.259670.f
3514	Florida Atlantic Univ	grid.255951.f
3515	Univ N Carolina - Greensboro	grid.266860.c
3516	Univ N Dakota	grid.266862.e
3517	Baylor Univ	grid.252890.4
3518	Univ Alaska - Fairbanks	grid.70738.3b
3524	Southern Methodist Univ	grid.263864.d
3527	Univ Denver	grid.266239.a
3528	S Dakota State Univ	grid.263791.8
3532	Oakland Univ	grid.261277.7
3537	Rochester Inst Technol	grid.262613.2
3573	Ryerson Univ	grid.68312.3e
3574	Univ New Brunswick	grid.266820.8
3581	Brock Univ	grid.411793.9
3582	Univ Regina	grid.57926.3f
3634	Univ Toyama	grid.267346.2
3635	Tokyo Women's Med Univ	
3636	Nagoya City Univ	grid.260433.0
3637	Kyoto Prefect Univ Med	grid.272458.e
3638	Tokyo Univ Sci	grid.143643.7
3642	Osaka Prefect Univ	grid.261455.1
3645	Jichi Med Univ	grid.410804.9
3650	Hirosaki Univ	grid.257016.7
3656	Tokyo Metropolitan Univ	grid.265074.2
3687	Curtin Univ	grid.1032.0
3688	Deakin Univ	grid.1021.2
3689	Univ New England	grid.1020.3
3690	Murdoch Univ	grid.1025.6
3691	Victoria Univ - Melbourne	grid.1019.9
3705	Natl Univ Cordoba	grid.10692.3c
3707	Univ Concepción	grid.5380.e
3708	Univ Natl Colombia	grid.10689.36
3709	Mansoura Univ	grid.10251.37
3711	Zagazig Univ	grid.31451.32
3712	Assiut Univ	grid.252487.e
3715	Ferdowsi Univ Mashhad	grid.411301.6
3716	KN Toosi Univ Technol	grid.411976.c
3717	Shahid Beheshti Univ	grid.412502.0
3718	Univ Isfahan	grid.411750.6
3719	Bu-Ali Sina Univ	grid.411807.b
3720	Razi Univ	grid.412668.f
3721	Tabriz Univ Med Sci	grid.412888.f
3722	Univ Guilan	grid.411872.9
3723	Jordan Univ Sci & Technol	grid.37553.37
3724	Univ Jordan	grid.9670.8
3726	Kuwait Univ	grid.411196.a
3727	American Univ Beirut	grid.22903.3a
3728	Univ Putra Malaysia	grid.11142.37
3729	Natl Polytech Inst - Mexico	grid.418275.d
3730	Victoria Univ Wellington	grid.267827.e
3736	Univ Nis	grid.11374.30
3737	Gyeongsang Natl Univ	grid.256681.e
3739	Sogang Univ	grid.263736.5
3740	Kangwon Natl Univ	grid.412010.6
3742	Pukyong Natl Univ	grid.412576.3
3743	Gwangju Inst Sci & Technol	
3744	Chungbuk Natl Univ	grid.254229.a
3746	Chosun Univ	grid.254187.d
3748	Sejong Univ	grid.263333.4
3749	Dong-a Univ	grid.255166.3
3751	Kwangwoon Univ	grid.411202.4
3753	China Med Univ - Taiwan	grid.254145.3
3755	Natl Taipei Univ Technol	grid.412087.8
3756	Taipei Med Univ	grid.412896.0
3758	Feng Chia Univ	grid.411298.7
3759	Chung Yuan Christian Univ	grid.411649.f
3760	National Chung Cheng Univ	grid.412047.4
3761	Natl Taiwan Normal Univ	grid.412090.e
3762	Chung Shan Med Univ	grid.411641.7
3765	Univ Republic	grid.11630.35
6003	Univ Fed ABC	
6071	Univ Fed Juiz de Fora	
6080	Univ Fed Espírito Santo	
7268	Univ Bordeaux	grid.412041.2
9274	Univ Sci Technol Houari Boumediene	grid.420190.e
9301	Univ Ghana	grid.8652.9
9308	Makerere Univ	grid.11194.3c
9424	Univ Antioquia	grid.412881.6
9428	Univ Los Andes Colombia	grid.7247.6
9430	Tanta Univ	grid.412258.8
9438	Thapar Inst Engn & Technol	grid.412436.6
9439	Inst Chem Technol	grid.479974.0
9440	Natl Inst Technol Rourkela	grid.444703.0
9444	Mashhad Univ Med Sci	grid.411583.a
9462	Univ Kashan	grid.412057.5
9463	Isfahan Univ Med Sci	grid.411036.1
9485	Shahid Bahonar Univ Kerman	grid.412503.1
9486	Urmia Univ	grid.412763.5
9487	Yazd Univ	grid.413021.5
9488	Univ Shahrood	grid.440804.c
9489	Univ Mazandaran	grid.411622.2
9490	Semnan Univ	grid.412475.1
9491	Islamic Azad Univ Sci & Res Tehran	grid.472472.0
9501	Shizuoka Univ	grid.263536.7
9508	Shimane Univ	grid.411621.1
9515	Toho Univ	grid.265050.4
9530	Ritsumeikan Univ	grid.262576.2
9532	Nara Inst Sci & Technol	grid.260493.a
9541	Northeast Agr Univ	grid.412243.2
9550	Univ Tek Malaysia	grid.410877.d
9560	Univ Aut Met	grid.7220.7
9568	Technol Monterrey ITESM	grid.419886.a
9570	Univ Ibadan	grid.9582.6
9575	Sultan Qaboos Univ	grid.412846.d
9580	Univ Punjab	grid.11173.35
9581	Univ Karachi	grid.266518.e
9582	Univ Agr Faisalabad	
9589	Sichuan Agr Univ	grid.80510.3c
9590	China Acad Chin Med Sci	
9592	Jiangnan Univ	grid.258151.a
9594	Shenzhen Univ	grid.263488.3
9596	Renmin Univ China	
9597	Guangxi Med Univ	grid.256607.0
9600	Fujian Med Univ	grid.256112.3
9604	Guangdong Univ Technol	grid.411851.8
9606	China Jiliang Univ	grid.411485.d
9610	Nanjing Univ Info Sci & Technol	grid.260478.f
9612	Dalian Med Univ	grid.411971.b
9614	Tianjin Univ Sci & Technol	grid.413109.e
9616	Jiangxi Normal Univ	grid.411862.8
9618	Hubei Univ	grid.34418.3a
9620	Xinjiang Univ	grid.413254.5
9624	Hebei Univ Technol	grid.412030.4
9626	Fujian Normal Univ	grid.411503.2
9628	Heilongjiang Univ	grid.412067.6
9630	Zhejiang Gongshang Univ	grid.413072.3
9632	Shanghai Univ Tradit Chinese Med	
9636	Nanjing Univ Posts & Telecom	grid.453246.2
9640	Guangxi Normal Univ	grid.459584.1
9642	Guangzhou Med Univ	grid.410737.6
9650	Henan Univ Sci & Technol	grid.453074.1
9652	Shandong Univ Technol	grid.412509.b
9654	Guizhou Univ	grid.443382.a
9658	Changzhou Univ	
9662	Nanjing Forestry Univ	grid.410625.4
9664	Tianjin Normal Univ	grid.412735.6
9666	Anhui Univ Technol	grid.440650.3
9668	Shaanxi Univ Sci & Technol	grid.454711.2
9670	Shanghai Ocean Univ	grid.412514.7
9674	Lanzhou Univ Technol	grid.411291.e
9676	Hangzhou Dianzi Univ	grid.411963.8
9678	China Univ Petrol E China	
9680	N Univ China	grid.440581.c
9682	Henan Polytech Univ	grid.412097.9
9692	Novosibirsk State Univ	grid.4605.7
9694	Moscow Engn Phys Inst	grid.183446.c
9695	King Khalid Univ	grid.412144.6
9696	King Abdullah Univ Sci & Technol	grid.45672.32
9700	Yeungnam Univ	grid.413028.c
9704	Univ Seoul	grid.267134.5
9709	Keimyung Univ	grid.412091.f
9711	Dankook Univ	grid.411982.7
9713	Hallym Univ	grid.256753.0
9723	Dongguk Univ	grid.255168.d
9725	Hongik Univ	grid.412172.3
9726	Inje Univ	grid.411612.1
9732	Seoul Ntl Univ Sci & Technol	grid.412485.e
9734	Univ Sci & Technol	grid.412786.e
9790	Natl Taiwan Ocean Univ	grid.260664.0
9794	Natl Def Med Ctr	
9812	United Arab Emirates Univ	grid.43519.3a
9814	Univ Massachusetts Boston	grid.266685.9
9818	Univ Massachusetts Lowell	grid.225262.3
9826	Rutgers - State Univ New Jersey	grid.430387.b
9950	Iran Univ Med Sci	grid.411746.1
10000	Qatar Univ	grid.412603.2
10058	ITMO Univ	grid.35915.3b
10060	Kazan (Volga region) Fed Univ	grid.77268.3c
10084	Ural Fed Univ	grid.412761.7
10109	Univ Calabria	grid.7778.f
10113	Augusta Univ	grid.410427.4
10261	COMSATS Inst Info Technol	
10267	Edith Cowan Univ	grid.1038.a
10324	Inner Mongolia Univ	grid.411643.5
10325	Wuhan Univ Sci & Technol	grid.412787.f
10326	GuangZhou Univ	grid.411863.9
10327	Xuzhou Med Coll	grid.417303.2
10329	Changsha Univ Sci & Technol	grid.440669.9
10330	Xi'An Univ Technol	
10331	Qufu Normal Univ	grid.412638.a
10332	Dalian Maritime Univ	grid.440686.8
10333	Nanjing Univ Chin Med	grid.410745.3
10335	Henan Agr Univ	grid.108266.b
10336	Jiangsu Normal Univ	grid.411857.e
10337	Tianjin Univ Technol	grid.265025.6
10338	Shandong Univ Sci & Technol	grid.412508.a
10339	Beijing Univ Chin Med	grid.24695.3c
10344	Univ Montpellier	grid.121334.6
10345	Australian Cath Univ	grid.411958.0
10432	Univ Lille	grid.503422.2
10435	Univ Chinese Acad Sci	grid.410726.6
10445	Mohammed V Univ	grid.31143.34
10548	Gustave Eiffel Univ	
10551	Univ Paris	
10552	Inst Polytech Paris	grid.508893.f
10553	Univ Paris-Saclay	grid.460789.4
10554	Univ Paris Sci Lettres	
10560	Univ Côte d’Azur	grid.460782.f
10561	Univ Grenoble Alpes	
16188	Ulsan Natl Inst Sci & Technol	grid.42687.3f
16435	Jeju Natl Univ	grid.411277.6
16437	Tezpur Univ	grid.45982.32
16441	Univ Yamanashi	grid.267500.6
16445	Indian Inst Technol (Indian Sch Mines)	
16446	Addis Ababa Univ	grid.7123.7
16482	Inst Natl Recherche Sci	grid.418084.1
18000	Southwest Petrol Univ	grid.437806.e
18001	Univ Shanghai Sci & Technol	grid.267139.8
18002	Fujian Agr & Forestry Univ	grid.256111.0
18003	Xinjiang Med Univ	grid.13394.3c
18004	Chang'an Univ	grid.440661.1
18005	Anhui Agr Univ	grid.411389.6
18006	Huaqiao Univ	grid.411404.4
18008	Harbin Univ Sci & Technol	grid.411994.0
18010	Southwest Univ Sci & Technol	grid.440649.b
18012	Xi'an Univ Arch & Technol	grid.440704.3
18015	Qingdao Agr Univ	grid.412608.9
18016	Henan Univ Technol	grid.412099.7
18017	Guilin Univ Technol	grid.440725.0
18020	Shihezi Univ	grid.411680.a
18021	Chengdu Univ Technol	grid.411288.6
18023	Shanxi Med Univ	grid.263452.4
18026	Hunan Agr Univ	grid.257160.7
18028	Kunming Med Univ	grid.285847.4
18030	China Three Gorges Univ	grid.254148.e
18031	Xinxiang Med Univ	grid.412990.7
18032	Hunan Univ Sci & Technol	grid.411429.b
18033	S Cent Univ Nationalities	grid.412692.a
18034	Guangdong Pharmaceut Univ	grid.411847.f
18036	Wuhan Institute Technol	grid.433800.c
18037	Hainan Univ	grid.428986.9
18040	JiLin Agr Univ	
18041	N China Univ Sci & Technol	grid.440734.0
18043	Univ S China	grid.412017.1
18053	Babol Noshirvani Univ Technol	grid.411496.f
18055	Sahand Univ Technol	grid.412345.5
18058	Univ Zanjan	grid.412673.5
18065	Univ Teknologi Petronas	grid.444487.f
18066	Natl Univ Sci & Technol - Islamabad	grid.412117.0
18069	Gachon Univ	grid.256155.0
18072	Auckland Univ Technol	grid.252547.3
18076	Univ Tunis El Manar	grid.12574.35
18077	Univ Monastir	grid.411838.7
18085	Texas State Univ	grid.264772.2
18090	Charles Sturt Univ	grid.1037.5
18430	Univ California - Merced	grid.266096.d
18535	Zhejiang Chinese Med Univ	grid.268505.c
18537	Shenyang Agr Univ	grid.412557.0
18540	Shanghai Maritime Univ	grid.412518.b
18542	Chongqing Univ Posts & Telecommun	grid.411587.e
18546	Guangzhou Univ Chinese Med	grid.411866.c
18555	Al-Azhar Univ	grid.411303.4
18560	Shahid Chamran Univ Ahwaz	grid.412504.6
18565	Ariel Univ	grid.411434.7
18584	Incheon Natl Univ	grid.412977.e
18682	Sorbonne Univ	grid.462844.8
18685	Univ Sunshine Coast	grid.1034.6
18700	South Univ Sci & Technol China	grid.263817.9
18701	Anhui Univ Sci & Technol	grid.440648.a
18707	Beijing Technol & Business Univ	grid.411615.6
18711	Yangtze Univ	grid.410654.2
18801	Univ Nigeria	grid.10757.34
18891	Singapore Univ Technol & Design	grid.263662.5
18894	Ton Duc Thang Univ	grid.444812.f
18980	Daegu Gyeongbuk Inst Sci & Technol DGIST	grid.417736.0
18988	Khalifa Univ Sci & Technol	grid.440568.b
19006	Univ Clermont-Auvergne	
19121	Malek Ashtar Univ Technol	grid.440788.7
19130	Indian Inst Technol Indore	grid.450280.b
19131	Homi Bhabha Natl Inst	grid.450257.1
19132	Acad Sci & Innovat Res	grid.469887.c
19133	IIEST Shibpur	grid.440667.7
19138	SRM Inst Sci & Technol	grid.412742.6
32912	Universidade Lisboa	grid.9983.b
33166	Univ Hlth Sci	
101154	Soonchunhyang Univ	grid.412674.2
101177	Payame Noor Univ	grid.412462.7
