id	university	established_year
6	Univ Graz	1585
8	Graz Univ Technol	1811
10	Univ Innsbruck	1669
14	Johannes Kepler Univ Linz	1966
15	Univ Salzburg	1622
19	Vienna Univ Technol	1815
21	Univ Nat Resources & Life Sci - Vienna	1872
22	Univ Vet Med Vienna	1767
24	Univ Vienna	1365
35	Univ Antwerp	2003
36	Vrije Univ Brussel	1834
40	Univ Libre Bruxelles	1834
41	Hasselt Univ	1971
42	Ghent Univ	1817
43	Katholieke Univ Leuven	1425
44	Univ Liège	1817
45	Univ Catholique Louvain	1425
55	Univ Novi Sad	1960
78	Univ Zagreb	1669
81	Univ Cyprus	1989
82	Brno Univ Technol	1899
84	Masaryk Univ	1919
89	Palacký Univ Olomouc	1573
95	Charles Univ	1348
97	Czech Tech Univ Prague	1707
98	Univ Chem & Technol - Prague	1952
99	Czech Univ Life Sci Prague	1906
101	Aalborg Univ	1974
102	Aarhus Univ	1928
109	Univ Copenhagen	1479
111	Tech Univ Denmark	1829
112	Univ South Denmark	1998
117	Univ Tartu	1632
118	Åbo Akademi Univ	1918
123	Univ Helsinki	1640
125	Univ Jyväskylä	1934
128	Univ Oulu	1958
131	Univ Tampere	1925
133	Univ Turku	1920
156	Univ Macau	1981
167	Univ Kebangsaan Malaysia	1970
168	Autonomous Univ Nuevo Leon	1933
210	RWTH Aachen Univ	1870
214	Univ Bayreuth	1975
215	Freie Univ Berlin	1948
216	Humboldt Univ Berlin	1810
217	Tech Univ Berlin	1946
218	Bielefeld Univ	1969
219	Ruhr-Univ Bochum	1962
220	Univ Bonn	1818
222	Tech Univ Braunschweig	1745
223	Univ Bremen	1971
224	Chemnitz Univ Technol	1836
226	Tech Univ Darmstadt	1877
227	TU Dortmund Univ	1968
228	Tech Univ Dresden	1828
229	Heinrich Heine Univ Düsseldorf	1965
232	Friedrich-Alexander-Univ Erlangen-Nürnberg	1742
233	Univ Duisburg-Essen	1654
235	Goethe Univ Frankfurt	1914
236	Univ Freiburg	1457
237	Justus Liebig Univ Giessen	1607
238	Georg-August-Univ Göttingen	1734
239	Univ Greifswald	1456
243	Univ Hamburg	1919
244	Hannover Med Sch	1961
245	Gottfried Wilhelm Leibniz Univ Hannover	1831
246	Heidelberg Univ	1386
247	Friedrich Schiller Univ Jena	1558
248	Tech Univ Kaiserslautern	1970
250	Univ Kassel	1970
251	Kiel Univ	1665
252	Univ Cologne	1388
253	Univ Konstanz	1966
254	Leipzig Univ	1409
256	Otto von Guericke Univ Magdeburg	1993
257	Johannes Gutenberg Univ Mainz	1946
259	Ludwig-Maximilians Univ München	1472
260	Tech Univ Munich	1868
261	Carl von Ossietzky Univ Oldenburg	1973
263	Paderborn Univ	1972
265	Univ Potsdam	1991
266	Univ Regensburg	1962
267	Saarland Univ	1948
269	Univ Stuttgart	1829
270	Eberhard Karls Univ Tübingen	1477
273	Julius Maximilian Univ Würzburg	1402
275	Univ Aberdeen	1495
276	Univ Bath	1966
277	Univ Birmingham	1900
280	Univ Bristol	1876
281	Univ W England - Bristol	1992
282	Univ Cambridge	1209
283	Univ Kent	1965
286	Univ Essex	1963
287	Univ Ulster	1968
288	Coventry Univ	1992
289	Univ Warwick	1965
290	Cranfield Univ	1993
291	Univ Dundee	1881
293	Durham Univ	1832
295	Heriot-Watt Univ	1821
296	Univ Edinburgh	1583
299	Univ Exeter	1955
301	Univ Glasgow	1451
302	Univ Strathclyde	1796
303	Univ Surrey	1966
305	Univ Hull	1927
306	Keele Univ	1949
309	Univ Leeds	1904
311	Univ Leicester	1957
314	Liverpool John Moores Univ	1823
315	Univ Liverpool	1882
316	City Univ London	1894
318	Imperial Coll London	1907
320	London Sch Hyg & Trop Med	1899
325	Univ Coll London	1826
326	Univ Greenwich	1890
330	Loughborough Univ	1909
331	Manchester Metropolitan Univ	1970
332	Univ Manchester	1824
334	Open Univ	1969
335	Newcastle Univ	1834
337	Univ Nottingham	1881
339	Univ Oxford	1096
341	Univ Plymouth	1992
344	Univ Portsmouth	1869
348	Univ Sheffield	1828
349	Univ Southampton	1952
351	Univ Stirling	1967
353	Roy Holloway - Univ London	1985
354	Swansea Univ	1920
355	Brunel Univ London	1966
357	Univ York	1963
362	Natl & Kapodistrian Univ Athens	1837
363	Natl Tech Univ Athens	1836
365	Univ Ioannina	1964
366	Univ Crete	1973
367	Democritus Univ Thrace	1974
369	Univ Patras	1964
371	Aristotle Univ Thessaloniki	1925
373	Univ Thessaly	1984
375	Univ Windsor	1857
378	Budapest Univ Technol & Econ	1782
382	Eötvös Loránd Univ	1635
384	Semmelweis Univ	1769
385	Univ Debrecen	1538
389	Univ Pécs	1912
391	Univ Szeged	1581
394	Univ Iceland	1911
395	Univ Coll Cork	1845
399	Trinity Coll Dublin	1592
400	Univ Coll Dublin	1854
401	Dublin City Univ	1975
402	Natl Univ Ireland - Galway	1845
403	Univ Limerick	1972
405	Univ Politec Marche	1959
407	Univ Bari Aldo Moro	1925
409	Univ Bologna	1088
410	Brescia Univ	1982
411	Univ Cagliari	1606
416	Univ Catania	1434
417	Gabriele d'Annunzio Univ	1960
418	Univ Ferrara	1391
419	Univ Florence	1321
421	Univ Genoa	1481
422	Univ l'Aquila	1952
423	Univ Salento	1955
424	Univ Messina	1548
426	Politec Milano	1863
427	Univ Cattolica Sacro Cuore	1921
429	Univ Milan	1924
430	Univ Milano-Bicocca	1998
431	Univ Modena & Reggio Emilia	1175
433	Univ Campania Luigi Vanvitelli	1991
435	Univ Naples Federico II	1224
436	Univ Padova	1222
437	Univ Palermo	1806
438	Univ Parma	1502
439	Univ Pavia	1361
441	Univ Pisa	1343
446	Sapienza Univ Rome	1303
447	Univ Rome Tor Vergata	1982
448	Roma Tre Univ	1992
450	Univ Sassari	1562
451	Univ Siena	1240
453	Politec Torino	1859
454	Univ Turin	1404
455	Univ Trento	1962
456	Univ Trieste	1924
457	Univ Udine	1978
461	Univ Verona	1982
472	Vilnius Univ	1579
473	Univ Luxembourg	2003
479	Univ Amsterdam	1632
480	Vrije Univ Amsterdam	1880
482	Delft Univ Technol	1842
483	Eindhoven Univ Technol	1956
484	Univ Twente	1961
485	Univ Groningen	1614
487	Leiden Univ	1575
488	Maastricht Univ	1976
489	Radboud Univ	1923
490	Erasmus Univ Rotterdam	1913
491	Tilburg Univ	1927
493	Utrecht Univ	1636
494	Wageningen Univ & Res	1918
495	Norwegian Univ Life Sci	1859
497	Univ Bergen	1946
499	Univ Oslo	1811
500	Univ Stavanger	2005
501	UiT Artic Univ Norway	1968
502	Norwegian Univ Sci & Technol	1996
506	Gdańsk Univ Technol	1904
507	Univ Gdańsk	1970
509	Silesian Univ Technol	1945
511	Med Univ Silesia	1948
512	Univ Silesia Katowice	1968
514	AGH Univ Sci & Technol	1919
516	Jagiellonian Univ	1364
517	Łódź Univ Technol	1945
518	Univ Łódź	1945
519	Maria Curie-Sklodowska Univ	1944
521	Univ Warmia & Mazury Olsztyn	1999
522	Adam Mickiewicz Univ Poznan	1919
525	Poznań Univ Med Sci	1950
526	Poznań Univ Technol	1919
531	Nicolaus Copernicus Univ Toruń	1945
536	Med Univ Warsaw	1950
538	Univ Warsaw	1816
539	Warsaw Univ Technol	1826
540	Warsaw Univ Life Sci	1816
541	Wrocław Univ Environ & Life Sci	1951
542	Univ Wrocław	1702
543	Wrocław Med Univ	1950
545	Wrocław Univ Sci & Technol	1910
547	Univ Aveiro	1973
548	Univ Minho	1973
549	Univ Coimbra	1290
559	Univ Nova Lisboa	1973
561	Univ Porto	1911
570	Univ Bucharest	1864
571	Polytech Univ Bucarest	1864
572	Babeș-Bolyai Univ	1959
592	Nagoya Inst Technol	1949
594	Yokohama Natl Univ	1876
608	Comenius Univ Bratislava	1919
611	Slovak Univ Technol Bratislava	1937
619	Univ Ljubljana	1919
620	Univ Maribor	1975
621	Univ Alcalá	1499
622	Univ Alicante	1979
623	Univ Extremadura	1973
625	Univ Aut Barcelona	1968
626	Univ Barcelona	1450
627	Univ Politècnica Catalunya - BarcelonaTech	1971
628	Pompeu Fabra Univ	1990
631	Univ Cádiz	1979
634	Univ Castilla-La Mancha	1982
635	Univ Cordoba	1972
637	Univ Girona	1991
638	Univ Granada	1531
640	Univ Jaén	1993
641	Univ A Coruña	1989
642	Univ La Laguna	1927
643	Univ Las Palmas Gran Canaria	1989
644	Univ Basque Country	1980
646	Univ Lleida	1297
648	Univ Aut Madrid	1968
649	Complutense Univ Madrid	1293
650	Natl Distance Educ Univ	1972
651	Tech Univ Madrid	1971
654	Univ Malaga	1972
655	Rey Juan Carlos Univ	1996
656	Univ Murcia	1272
657	Univ Oviedo	1574
658	Univ Balearic Islands	1978
659	Univ Navarra	1952
662	Univ Salamanca	1134
663	Univ Cantabria	1972
664	Univ Santiago Compostela	1495
665	Univ Seville	1505
666	Univ Rovira & Virgili	1991
667	Univ Politècnica València	1968
668	Univ Valencia	1499
669	Univ Valladolid	1241
670	Univ Vigo	1990
671	Univ Zaragoza	1542
672	Chalmers Univ Technol	1829
673	Univ Gothenburg	1954
677	Linköping Univ	1969
678	Luleå Univ Technol	1971
679	Lund Univ	1666
682	Örebro Univ	1977
684	Karolinska Inst	1810
685	KTH Royal Inst Technol	1827
687	Stockholm Univ	1878
688	Umeå Univ	1965
689	Uppsala Univ	1477
690	Univ Basel	1460
693	Univ Bern	1834
695	Univ Fribourg	1889
696	Univ Geneva	1559
697	Ecole Polytech Féd Lausanne	1853
698	Univ Lausanne	1537
703	ETH Zurich	1855
704	Univ Zurich	1833
705	Çukurova Univ	1973
706	Sakarya Univ	1970
707	Ankara Univ	1946
708	Bilkent Univ	1984
710	Gazi Univ	1926
711	Hacettepe Univ	1967
712	Middle E Tech Univ	1956
715	Akdeniz Univ	1982
718	Bursa Uludağ Univ	1975
719	Pamukkale Univ	1992
722	Fırat Univ	1975
723	Atatürk Univ	1957
726	Süleyman Demirel Univ	1992
727	Boğaziçi Univ	1863
730	İstanbul Tech Univ	1773
731	İstanbul Univ	1453
732	Marmara Univ	1883
735	Yıldız Tech Univ	1911
736	Dokuz Eylül Univ	1982
737	Ege Univ	1955
739	Selçuk Univ	1975
740	Erciyes Univ	1978
741	Kocaeli Univ	1976
743	İnönü Univ	1975
747	Samsun Ondokuz Mayis Univ	1975
749	Karadeniz Tech Univ	1955
750	Yüzüncü Yıl Univ	1982
781	Queen's Univ Belfast	1810
785	Univ Sussex	1961
790	Aston Univ	1895
793	Univ Huddersfield	1825
794	Lancaster Univ	1964
796	Northumbria Univ	1992
797	Univ E Anglia	1963
800	Univ Reading	1926
802	Univ St Andrews	1410
807	Politecnico Bari	1990
811	Univ Insubria	1998
812	Univ Perugia	1308
813	Univ Salerno	1968
818	Vita-Salute San Raffaele Univ	1996
846	King's Coll London	1829
848	Bangor Univ	1884
849	Cardiff Univ	1883
854	Swed Univ Agr Sci	1977
876	Martin Luther Univ Halle-Wittenberg	1502
877	Univ Hohenheim	1818
878	Univ Lübeck	1964
880	Philipps-Univ Marburg	1527
882	Techn Univ Bergakad Freiberg	1765
883	Univ Münster	1780
884	Univ Rostock	1419
885	Ulm Univ	1967
916	Hebrew Univ Jerusalem	1925
920	Bar-Ilan Univ	1955
921	Tel Aviv Univ	1956
922	Ben-Gurion Univ Negev	1969
924	Univ Haifa	1963
947	Med Univ Białystok	1950
958	Med Univ Lublin	1950
959	Med Univ Lódz	2002
960	Med Univ Gdansk	1945
962	Univ Agr Kraków	1890
963	Univ Life Sci Lublin	1944
964	Poznań Univ Life Sci	1870
975	W Pomeranian Univ Technol - Szczecin	2009
989	Carlos III Univ Madrid	1989
998	Miguel Hernández Univ	1996
1002	Univ Almería	1993
1003	Univ Jaume I	1991
1014	Anadolu Univ	1958
1015	Koç Univ	1993
1016	Başkent Univ	1994
1033	Eskişehir Osmangazi Univ	1993
1034	Queen Mary Univ London	1882
1037	London Sch Econ & Polit Sci	1895
1046	Technion - Israel Inst Technol	1912
1047	Weizmann Inst Sci	1934
1052	Univ Buenos Aires	1821
1053	Univ Nal La Plata	1897
1054	Univ Adelaide	1874
1055	Univ Queensland	1909
1056	Australian Natl Univ	1946
1057	Monash Univ	1958
1058	Univ Melbourne	1853
1059	Univ Newcastle	1963
1060	Univ West Australia	1911
1061	Univ New S Wales	1949
1062	Univ Sydney	1850
1063	Univ Fed Minas Gerais	1927
1064	Univ Campinas	1962
1065	Fed Univ Rio Grande do Sul	1895
1066	Univ Fed Rio de Janeiro	1920
1067	Univ São Paulo	1934
1068	Simon Fraser Univ	1965
1069	Univ Calgary	1966
1070	Univ Alberta	1908
1071	Univ Guelph	1964
1072	Dalhousie Univ	1818
1073	McMaster Univ	1887
1074	Queen's Univ	1841
1075	West Univ	1878
1076	McGill Univ	1821
1077	Univ Montréal	1878
1078	Carleton Univ	1942
1079	Univ Ottawa	1848
1081	Univ Saskatchewan	1907
1082	Univ Laval	1663
1083	Univ Toronto	1827
1084	Univ British Columbia	1908
1085	Univ Victoria	1963
1086	Univ Waterloo	1956
1087	Univ Manitoba	1877
1088	Univ Chile	1842
1091	Chiba Univ	1949
1092	Kyushu Univ	1903
1093	Gifu Univ	1949
1095	Hiroshima Univ	1929
1096	Kagoshima Univ	1949
1097	Kanazawa Univ	1949
1098	Kobe Univ	1949
1099	Kumamoto Univ	1925
1100	Kyoto Univ	1897
1101	Nagasaki Univ	1949
1102	Nagoya Univ	1871
1103	Niigata Univ	1870
1104	Okayama Univ	1870
1105	Osaka City Univ	1880
1106	Osaka Univ	1724
1107	Hokkaido Univ	1876
1108	Tohoku Univ	1907
1110	Tokushima Univ	1949
1111	Keio Univ	1858
1112	Tokyo Inst Technol	1881
1113	Tokyo Med & Dent Univ	1928
1114	Univ Tokyo	1877
1115	Waseda Univ	1882
1117	Mie Univ	1949
1118	Univ Tsukuba	1973
1121	Natl Auto Univ Mexico	1910
1122	Univ Auckland	1883
1123	Univ Otago	1869
1124	Peking Univ	1898
1125	Tsinghua Univ	1911
1126	Jilin Univ	1946
1127	Zhejiang Univ	1897
1128	Univ Sci & Technol China	1958
1129	Chinese Univ Hong Kong	1963
1130	City Univ Hong Kong	1984
1131	Hong Kong Polytech Univ	1937
1132	Hong Kong Univ Sci & Technol	1991
1133	Univ Hong Kong	1911
1134	Shandong Univ	1901
1135	Lanzhou Univ	1909
1136	Nanjing Univ	1902
1137	Fudan Univ	1905
1138	Shanghai Jiao Tong Univ	1896
1139	Nankai Univ	1919
1140	Huazhong Univ Sci & Technol	1953
1141	Wuhan Univ	1893
1142	Lomonosov Moscow State Univ	1755
1143	St Petersburg State Univ	1724
1144	Nanyang Technol Univ	1991
1145	Natl Univ Singapore	1905
1146	Univ Cape Town	1829
1147	Univ Witwatersrand	1922
1163	Univ New Mexico	1889
1164	Iowa State Univ	1858
1165	Univ Massachusetts Amherst	1863
1166	Univ Michigan	1817
1167	Univ Georgia - Athens	1785
1168	Emory Univ	1836
1169	Georgia Inst Technol	1885
1170	Auburn Univ	1856
1172	Univ Texas - Austin	1876
1173	Johns Hopkins Univ	1876
1174	Univ Maryland - Baltimore	1807
1175	Louisiana State Univ	1860
1176	Univ California - Berkeley	1868
1177	Univ Alabama - Birmingham	1969
1178	Virginia Tech	1872
1179	Indiana Univ - Bloomington	1820
1180	Boston Univ	1839
1182	Northeastern Univ - USA	1898
1183	Tufts Univ	1852
1184	Univ Colorado - Boulder	1876
1185	Univ Buffalo - SUNY	1846
1186	Univ Vermont	1791
1187	Harvard Univ	1636
1188	MIT	1861
1189	Univ N Carolina - Chapel Hill	1789
1190	Med Univ S Carolina	1824
1191	Univ Virginia	1819
1192	Northwestern Univ	1851
1193	Univ Chicago	1890
1194	Univ Illinois - Chicago	1858
1195	Univ Cincinnati	1819
1196	Clemson Univ	1889
1197	Case West Reserve Univ	1826
1198	Univ Maryland - College Park	1856
1199	Texas A&M Univ - College Stn	1876
1200	Univ Missouri - Columbia	1839
1201	Univ S Carolina - Columbia	1801
1202	Ohio State Univ	1870
1203	Oregon State Univ	1868
1204	Univ Texas - Dallas	1876
1205	Univ California - Davis	1905
1206	Univ Colorado - Denver	1876
1207	Wayne State Univ	1868
1208	Duke Univ	1838
1209	Univ Oregon	1876
1212	Univ Arkansas - Fayetteville	1871
1213	Colorado State Univ	1870
1214	Univ Florida	1853
1215	Univ Texas - Med Branch - Galveston	1891
1216	Dartmouth Coll	1769
1218	Univ Hawaii - Manoa	1907
1219	Baylor Coll Med	1900
1220	Rice Univ	1912
1221	Univ Houston - Houston	1927
1222	Univ Texas - Hlth Sci Ctr - Houston	1972
1223	Indiana Univ - Purdue Univ Indianapolis	1969
1224	Univ Iowa	1847
1225	Univ California - Irvine	1965
1226	Cornell Univ	1865
1228	Univ Tennessee - Knoxville	1794
1230	Purdue Univ - W Lafayette	1869
1231	Michigan State Univ	1855
1232	Univ Kansas	1865
1233	Univ Kentucky	1865
1234	Univ Nebraska - Lincoln	1869
1235	Univ Arkansas Med Sci - Little Rock	1879
1237	Univ California - Los Angeles	1919
1238	Univ South California	1880
1239	Univ Louisville	1798
1240	Texas Tech Univ	1923
1241	Univ Wisconsin - Madison	1848
1242	Kansas State Univ	1863
1243	Loyola Univ Chicago	1870
1245	Univ Miami	1925
1246	Med Coll Wisconsin	1893
1247	Univ Minnesota - Twin Cities	1851
1248	W Virginia Univ	1867
1249	Vanderbilt Univ	1873
1251	Yale Univ	1701
1253	Tulane Univ	1834
1255	Columbia Univ	1754
1258	Icahn Sch Med - Mt Sinai	1963
1260	NYU	1831
1261	Rockefeller Univ	1901
1262	Yeshiva Univ	1886
1263	Univ Delaware	1743
1265	Univ Oklahoma	1890
1266	Univ Notre Dame	1842
1269	Caltech	1891
1270	Temple Univ	1884
1271	Thomas Jefferson Univ	1825
1272	Univ Penn	1740
1274	Carnegie Mellon Univ	1900
1275	Univ Pittsburgh	1787
1276	Oregon Hlth & Sci Univ	1974
1277	Princeton Univ	1746
1278	Brown Univ	1764
1279	Brigham Young Univ	1875
1280	Washington State Univ	1890
1281	N Carolina State Univ	1887
1282	Univ Nevada - Reno	1874
1283	Virginia Commonwealth Univ	1838
1284	Univ California - Riverside	1954
1285	Univ Rochester	1850
1286	Univ Utah	1850
1287	Univ Texas - San Antonio	1969
1288	Univ California - San Diego	1960
1289	Univ California - San Francisco	1873
1290	Univ California - Santa Barbara	1891
1291	Univ California - Santa Cruz	1965
1292	Univ Washington - Seattle	1861
1293	St Louis Univ	1818
1294	Washington Univ St Louis	1853
1296	Stanford Univ	1891
1297	Oklahoma State Univ - Stillwater	1890
1298	Stony Brook Univ - SUNY	1957
1299	Univ Connecticut	1881
1300	Syracuse Univ	1870
1301	Florida State Univ	1851
1302	Univ S Florida - Tampa	1956
1303	Arizona State Univ	1885
1304	Rensselaer Polytech Inst	1824
1305	Univ Arizona	1885
1306	Univ Alabama - Tuscaloosa	1831
1307	Penn State Univ	1855
1308	Univ Illinois - Urbana-Champaign	1867
1309	George Washington Univ	1821
1310	Georgetown Univ	1789
1311	Wake Forest Univ	1834
1312	Univ Massachusetts Med Sch	1962
1315	Med Univ Graz	2004
1316	Med Univ Innsbruck	2004
1317	Med Univ Vienna	1365
1318	Brandeis Univ	1948
1335	Griffith Univ	1971
1336	RMIT Univ	1887
1337	Univ S Australia	1991
1338	Univ Technol - Sydney	1988
1339	Flinders Univ	1966
1349	Alexandria Univ	1938
1363	Univ Sains Malaysia	1969
1364	Univ Guadalajara	1792
1371	HSE Univ	1992
1373	King Abdulaziz Univ	1967
1374	King Saud Univ	1957
1375	King Fahd Univ Petrol & Minerals	1963
1379	Univ Sfax	1986
1399	Karlsruhe Inst Technol	2009
1400	Aalto Univ	2010
1407	Northwestern Polytech Univ	1938
1408	Sichuan Univ	1740
1409	Harbin Inst Technol	1920
1410	Dalian Univ Technol	1949
1411	Tianjin Univ	1895
1412	Sun Yat-sen Univ	1924
1413	Xiamen Univ	1921
1414	Beijing Normal Univ	1902
1415	China Agr Univ	1905
1416	Tongji Univ	1907
1417	Shanghai Univ	1922
1418	E China Univ Sci & Technol	1952
1419	Xi'an Jiaotong Univ	1896
1431	Univ Pretoria	1908
1432	Stellenbosch Univ	1918
1433	Univ Wollongong	1951
1434	Univ Tasmania	1890
1435	Queensland Univ Technol	1989
1436	La Trobe Univ	1964
1437	Macquarie Univ	1964
1438	Univ Sherbrooke	1954
1439	Concordia Univ	1974
1440	York Univ	1959
1441	Mem Univ Newfoundland	1925
1442	Yokohama City Univ	1882
1443	Nihon Univ	1889
1444	Juntendo Univ	1838
1451	Massey Univ	1927
1452	Univ Malaya	1949
1458	Pontificia Univ Católica Chile	1888
1459	Univ Fed São Paulo	1934
1460	Univ Fed Santa Catarina	1962
1461	Univ Estadual Paulista	1976
1462	Univ Cent Florida	1963
1463	Drexel Univ	1891
1464	Univ Albany - SUNY	1844
1465	Georgia State Univ	1913
1466	Utah State Univ	1888
1467	San Diego State Univ	1897
1468	Univ Toledo	1872
1469	Rush Univ	1972
1470	Univ Mississippi	1848
1471	Univ Wisconsin - Milwaukee	1956
1472	Univ New Hampshire	1866
1473	Mississippi State Univ	1878
1474	George Mason Univ	1957
1475	Univ Belgrade	1808
1476	Fed Univ Mato Grosso	1970
1477	Univ East Finland	2010
1479	Univ Fed Paraná	1912
1480	Univ Fed Viçosa	1922
1481	Fed Univ Pernambuco	1946
1482	Fed Univ Santa Maria	1960
1483	Univ Brasília	1961
1484	Univ Fed Ceará	1954
1485	Fed Univ São Carlos	1968
1486	Rio de Janeiro State Univ	1950
1487	State Univ Maringá	1970
1488	Univ Fed Bahia	1946
1489	Univ Fed Fluminense	1960
1490	Londrina State Univ	1970
1491	Univ Fed Uberlândia	1969
1492	Univ Fed Goiás	1960
1493	Fed Univ Paraíba	1955
1494	Fed Univ Lavras	1908
1495	Fed Univ Pelotas	1969
1497	Fed Univ Para	1957
1498	Fed Univ Rio Grande do Norte	1958
1501	Univ Free State	1904
1502	Univ KwaZulu-Natal	2004
1503	Rhodes Univ	1904
1506	Univ Johannesburg	2005
1507	North-West Univ	2004
1515	Tehran Univ Med Sci	1934
1516	Univ Tehran	1934
1517	Sharif Univ Technol	1966
1518	Shiraz Univ	1946
1519	Tarbiat Modares Univ	1982
1520	Amirkabir Univ Technol	1958
1521	Shiraz Univ Med Sci	1949
1522	Isfahan Univ Technol	1977
1523	Iran Univ Sci & Technol	1929
1524	Univ Tabriz	1946
1525	Shahid Beheshti Univ Med Sci	1961
1526	Univ Quebec Montreal	1969
1528	Ain Shams Univ	1950
1529	Cairo Univ	1908
1530	Gunma Univ	1949
1532	Univ Canterbury	1873
1533	Cent S Univ	2000
1534	Southeast Univ	1902
1535	E China Normal Univ	1951
1536	S China Univ Technol	1952
1537	Hunan Univ	976
1538	Univ Sci & Technol Beijing	1952
1539	E Carolina Univ	1907
1540	Florida Intl Univ	1965
1542	Ehime Univ	1949
1543	Kindai Univ	1925
1544	Kitasato Univ	1970
1545	Shinsu Univ	1949
1546	Tokai Univ	1942
1547	Tokyo Univ Agr & Technol	1949
1548	Tottori Univ	1949
1549	Yamagata Univ	1878
1550	Yamaguchi Univ	1894
1552	Univ Texas - Hlth Sci Ctr - San Antonio	1959
1553	Univ Texas - Southwestern Med Ctr - Dallas	1943
1555	Univ Texas - Arlington	1895
1557	Univ Texas - El Paso	1914
1577	James Cook Univ	1961
2335	Korea Univ	1905
2340	Seoul Natl Univ	1946
2347	Yonsei Univ	1885
2354	Kyungpook Natl Univ	1946
2357	Chonnam Natl Univ	1952
2361	Sungkyunkwan Univ	1398
2369	Inha Univ	1954
2371	Chungnam Natl Univ	1952
2373	Kyung Hee Univ	1949
2380	Ewha Womans Univ	1886
2383	Hanyang Univ	1939
2389	Univ Ulsan	1970
2393	Ajou Univ	1973
2395	Jeonbuk Natl Univ	1947
2397	Cath Univ Korea	1855
2404	Konkuk Univ	1946
2406	Korea Adv Inst Sci & Technol	1971
2407	Pohang Univ Sci & Technol	1986
2408	Pusan Natl Univ	1946
2415	Natl Cent Univ	1915
2416	Natl Chiao Tung Univ	1896
2417	Natl Tsing Hua Univ	1911
2418	Natl Cheng Kung Univ	1931
2420	Natl Taiwan Univ	1928
2422	Natl Yang-Ming Univ	1975
2425	Chang Gung Univ	1987
2428	Natl Sun Yat-sen Univ	1924
2430	Natl Chung Hsing Univ	1919
2431	Kaohsiung Med Univ	1954
2434	Natl Taiwan Univ Sci & Technol	1974
2435	Indian Inst Sci	1909
2436	Indian Inst Technol Bombay	1958
2438	Manipal Acad High Educ	1953
2440	Vellore Inst Technol	1984
2441	Indian Inst Technol Kharagpur	1951
2443	All India Inst Med Sci	1956
2445	Indian Inst Technol Madras	1959
2446	Indian Inst Technol Delhi	1961
2448	Banaras Hindu Univ	1916
2451	Indian Inst Technol Kanpur	1959
2452	Univ Delhi	1922
2454	Jadavpur Univ	1955
2455	Postgrad Inst Med Educ & Res	1962
2458	Panjab Univ	1882
2460	Aligarh Muslim Univ	1875
2461	Univ Calcutta	1857
2462	Anna Univ	1978
2463	Univ Hyderabad	1974
2466	Indian Inst Technol Roorkee	1847
2470	Annamalai Univ	1929
2472	Jawaharlal Nehru Univ	1969
2475	Indian Stat Inst	1931
2478	Guru Nanak Dev Univ	1969
2489	Bharathiar Univ	1982
2490	Jamia Millia Islamia	1920
2491	Savitribai Phule Pune Univ	1948
2499	Indian Inst Technol Guwahati	1994
2515	Pondicherry Univ	1985
2525	Mahidol Univ	1943
2529	Chiang Mai Univ	1964
2531	Chulalongkorn Univ	1917
2533	Khon Kaen Univ	1966
2535	Prince Songkla Univ	1967
2537	Kasetsart Univ	1943
2546	Univ Paris-Est Créteil Val de Marne	1971
2578	Univ Sorbonne Paris Nord	1970
2580	Univ Versailles Saint-Quentin-en-Yvelines	1991
2594	Univ Tours	1969
2596	Univ Nantes	1460
2604	Univ Caen Normandy	1432
2621	Univ Poitiers	1431
2625	Univ Rennes 1	1970
2630	Univ Rouen	1966
2634	Univ Strasbourg	1538
2638	Univ Toulouse III - Paul Sabatier	1229
2641	Aix-Marseille Univ	1409
2660	Univ Angers	1356
2662	Claude Bernard Lyon 1 Univ	1971
2683	Univ West Brittany	1971
2701	Univ Lorraine	1572
2703	Univ Orléans	1960
2779	Inst Natl Polytech Toulouse	1969
2812	Univ Waikato	1964
2856	Chung-Ang Univ	1918
2874	Natl Res Tomsk Polytech Univ	1896
2881	Moscow Inst Phys & Technol	1946
2943	Swinburne Univ Technol	1908
2944	Univ Canberra	1967
2945	West Sydney Univ	1989
3327	Soochow Univ	1900
3328	Univ Electron Sci & Technol China	1956
3329	Capital Med Univ	1960
3330	Air Force Med Univ	1941
3331	Chongqing Univ	1929
3332	Beijing Univ Chem Technol	1958
3333	Second Mil Med Univ	1949
3334	Beijing Inst Technol	1940
3335	Nanjing Med Univ	1934
3336	Beihang Univ	1952
3337	Huazhong Agr Univ	1898
3338	China Med Univ	1931
3339	Nanjing Agr Univ	1902
3340	Zhengzhou Univ	1956
3341	Xidian Univ	1931
3342	Army Med Univ	1954
3343	Nanjing Univ Aeronaut & Astronaut	1952
3344	S China Normal Univ	1933
3345	Northeast Normal Univ	1946
3346	Nanjing Univ Sci & Technol	1953
3347	Nanjing Tech Univ	1902
3348	Natl Univ Defense Technol	1953
3349	Donghua Univ	1951
3350	Ocean Univ China	1924
3351	Northeastern Univ	1923
3352	Jiangsu Univ	1902
3353	Southwest Univ	1906
3354	China Pharmaceut Univ	1936
3356	Northwest Agr & Forestry Univ	1934
3357	Zhejiang Univ Technol	1953
3358	Beijing Univ Technol	1960
3359	Wuhan Univ Technol	1948
3360	Harbin Med Univ	1926
3361	Fuzhou Univ	1958
3362	Jinan Univ	1906
3363	Chongqing Med Univ	1956
3364	Beijing Jiaotong Univ	1896
3365	Peking Union Med Coll	1956
3366	Nanjing Normal Univ	1902
3367	Nanchang Univ	1921
3368	Shaanxi Normal Univ	1944
3369	Xiangtan Univ	1958
3370	South Med Univ	1951
3371	Beijing Univ Posts & Telecom	1955
3372	Zhejiang Normal Univ	1956
3373	S China Agr Univ	1909
3374	Yangzhou Univ	1902
3375	Southwest Jiaotong Univ	1896
3376	Tianjin Med Univ	1951
3379	Qingdao Univ Sci & Technol	1950
3380	China Univ Geosci	1952
3381	Cent China Normal Univ	1903
3382	Yunnan Univ	1922
3383	Henan Univ	1912
3384	Shanxi Univ	1902
3385	Shanghai Normal Univ	1954
3386	Anhui Med Univ	1926
3387	Shenyang Pharmaceut Univ	1931
3388	Harbin Engn Univ	1953
3389	Hunan Normal Univ	1938
3390	Shandong Agr Univ	1906
3391	Ningbo Univ	1986
3392	Northwest Univ	1902
3393	Henan Normal Univ	1923
3394	Hefei Univ Technol	1945
3395	Qingdao Univ	1909
3396	Yanshan Univ	1920
3397	Wenzhou Med Univ	1912
3398	Capital Normal Univ	1954
3399	Northeast Forestry Univ	1952
3400	Hebei Univ	1921
3401	Guangxi Univ	1928
3402	Univ Jinan	1948
3403	Northwest Normal Univ	1902
3404	Anhui Normal Univ	1928
3405	Liaocheng Univ	1974
3406	Anhui Univ	1928
3407	Shandong Normal Univ	1950
3408	Hebei Med Univ	1894
3409	Nantong Univ	1912
3410	China Univ Min & Technol	1909
3411	Shantou Univ	1981
3413	Hohai Univ	1915
3414	Hangzhou Normal Univ	1908
3415	Hong Kong Baptist Univ	1956
3416	China Univ Petrol Beijing	1953
3417	Zhejiang Sci-Tech Univ	1897
3418	Beijing Forestry Univ	1952
3419	Kunming Univ Sci & Technol	1954
3420	Taiyuan Univ Technol	1902
3421	N China Elect Power Univ	1958
3422	Wenzhou Univ	1984
3423	Tianjin Polytech Univ	1912
3456	Univ Wyoming	1886
3470	N Dakota State Univ	1890
3471	Univ Nebraska Med Ctr	1869
3472	Univ N Texas	1890
3475	Lehigh Univ	1865
3476	Ohio Univ	1804
3477	Montana State Univ	1893
3479	South Illinois Univ - Carbondale	1869
3481	Univ Akron	1870
3482	Univ Nevada - Las Vegas	1957
3483	Univ N Carolina - Charlotte	1946
3484	Kent State Univ	1910
3485	Boston Coll	1863
3486	New Mexico State Univ	1888
3487	Loma Linda Univ	1905
3488	Univ Missouri - Kansas City	1933
3490	Univ Idaho	1889
3491	Univ Memphis	1912
3492	Binghamton Univ - SUNY	1946
3494	Michigan Technol Univ	1885
3495	Missouri Univ Sci & Technol	1870
3496	Old Dominion Univ	1930
3497	Colorado Sch Mines	1873
3498	Uniformed Services Univ Hlth Sci	1972
3499	Miami Univ	1809
3500	Univ Maine - Orono	1865
3502	Portland State Univ	1946
3503	Univ Rhode Island	1892
3506	Univ Maryland - Baltimore County	1966
3507	Univ Montana	1893
3508	New Jersey Inst Technol	1881
3509	Illinois Inst Technol	1890
3510	Coll William & Mary	1693
3512	Marquette Univ	1881
3514	Florida Atlantic Univ	1961
3515	Univ N Carolina - Greensboro	1891
3516	Univ N Dakota	1883
3517	Baylor Univ	1845
3518	Univ Alaska - Fairbanks	1917
3524	Southern Methodist Univ	1911
3527	Univ Denver	1864
3528	S Dakota State Univ	1881
3532	Oakland Univ	1957
3537	Rochester Inst Technol	1829
3573	Ryerson Univ	1948
3574	Univ New Brunswick	1785
3581	Brock Univ	1964
3582	Univ Regina	1911
3634	Univ Toyama	1949
3636	Nagoya City Univ	1884
3637	Kyoto Prefect Univ Med	1872
3638	Tokyo Univ Sci	1881
3642	Osaka Prefect Univ	1883
3645	Jichi Med Univ	1972
3650	Hirosaki Univ	1949
3656	Tokyo Metropolitan Univ	2005
3687	Curtin Univ	1986
3688	Deakin Univ	1974
3689	Univ New England	1938
3690	Murdoch Univ	1975
3691	Victoria Univ - Melbourne	1916
3705	Natl Univ Cordoba	1613
3707	Univ Concepción	1919
3708	Univ Natl Colombia	1867
3709	Mansoura Univ	1972
3711	Zagazig Univ	1974
3712	Assiut Univ	1957
3715	Ferdowsi Univ Mashhad	1949
3716	KN Toosi Univ Technol	1928
3717	Shahid Beheshti Univ	1959
3718	Univ Isfahan	1946
3719	Bu-Ali Sina Univ	1973
3720	Razi Univ	1972
3721	Tabriz Univ Med Sci	1947
3722	Univ Guilan	1974
3723	Jordan Univ Sci & Technol	1986
3724	Univ Jordan	1962
3726	Kuwait Univ	1966
3727	American Univ Beirut	1866
3728	Univ Putra Malaysia	1931
3729	Natl Polytech Inst - Mexico	1936
3730	Victoria Univ Wellington	1897
3736	Univ Nis	1965
3737	Gyeongsang Natl Univ	1948
3739	Sogang Univ	1960
3740	Kangwon Natl Univ	1947
3742	Pukyong Natl Univ	1924
3743	Gwangju Inst Sci & Technol	1993
3744	Chungbuk Natl Univ	1951
3746	Chosun Univ	1946
3748	Sejong Univ	1940
3749	Dong-a Univ	1946
3751	Kwangwoon Univ	1934
3753	China Med Univ - Taiwan	1958
3755	Natl Taipei Univ Technol	1912
3756	Taipei Med Univ	1960
3758	Feng Chia Univ	1961
3759	Chung Yuan Christian Univ	1955
3760	National Chung Cheng Univ	1989
3761	Natl Taiwan Normal Univ	1946
3762	Chung Shan Med Univ	1960
3765	Univ Republic	1849
6003	Univ Fed ABC	2005
6071	Univ Fed Juiz de Fora	1960
6080	Univ Fed Espírito Santo	1930
7268	Univ Bordeaux	1896
9274	Univ Sci Technol Houari Boumediene	1974
9301	Univ Ghana	1948
9308	Makerere Univ	1922
9424	Univ Antioquia	1803
9428	Univ Los Andes Colombia	1948
9430	Tanta Univ	1972
9438	Thapar Inst Engn & Technol	1956
9439	Inst Chem Technol	1933
9440	Natl Inst Technol Rourkela	1961
9444	Mashhad Univ Med Sci	1949
9462	Univ Kashan	1973
9463	Isfahan Univ Med Sci	1946
9485	Shahid Bahonar Univ Kerman	1972
9486	Urmia Univ	1878
9487	Yazd Univ	1987
9488	Univ Shahrood	1973
9489	Univ Mazandaran	1979
9490	Semnan Univ	1974
9491	Islamic Azad Univ Sci & Res Tehran	1984
9501	Shizuoka Univ	1949
9508	Shimane Univ	1949
9515	Toho Univ	1925
9530	Ritsumeikan Univ	1900
9532	Nara Inst Sci & Technol	1991
9541	Northeast Agr Univ	1948
9550	Univ Tek Malaysia	1975
9560	Univ Aut Met	1974
9568	Technol Monterrey ITESM	1943
9570	Univ Ibadan	1948
9575	Sultan Qaboos Univ	1986
9580	Univ Punjab	1882
9581	Univ Karachi	1953
9582	Univ Agr Faisalabad	1906
9589	Sichuan Agr Univ	1906
9592	Jiangnan Univ	1958
9594	Shenzhen Univ	1983
9596	Renmin Univ China	1937
9597	Guangxi Med Univ	1934
9600	Fujian Med Univ	1937
9604	Guangdong Univ Technol	1952
9606	China Jiliang Univ	1978
9610	Nanjing Univ Info Sci & Technol	1960
9612	Dalian Med Univ	1947
9614	Tianjin Univ Sci & Technol	1958
9616	Jiangxi Normal Univ	1940
9618	Hubei Univ	1931
9620	Xinjiang Univ	1924
9624	Hebei Univ Technol	1903
9626	Fujian Normal Univ	1907
9628	Heilongjiang Univ	1941
9630	Zhejiang Gongshang Univ	1911
9636	Nanjing Univ Posts & Telecom	1942
9640	Guangxi Normal Univ	1932
9642	Guangzhou Med Univ	1958
9650	Henan Univ Sci & Technol	1952
9652	Shandong Univ Technol	1956
9654	Guizhou Univ	1902
9662	Nanjing Forestry Univ	1902
9664	Tianjin Normal Univ	1958
9666	Anhui Univ Technol	1958
9668	Shaanxi Univ Sci & Technol	1958
9670	Shanghai Ocean Univ	1912
9674	Lanzhou Univ Technol	1919
9676	Hangzhou Dianzi Univ	1956
9680	N Univ China	1941
9682	Henan Polytech Univ	1909
9692	Novosibirsk State Univ	1959
9694	Moscow Engn Phys Inst	1942
9695	King Khalid Univ	1998
9696	King Abdullah Univ Sci & Technol	2009
9700	Yeungnam Univ	1967
9704	Univ Seoul	1918
9709	Keimyung Univ	1899
9711	Dankook Univ	1947
9713	Hallym Univ	1982
9723	Dongguk Univ	1906
9725	Hongik Univ	1946
9726	Inje Univ	1979
9732	Seoul Ntl Univ Sci & Technol	1910
9734	Univ Sci & Technol	2003
9790	Natl Taiwan Ocean Univ	1953
9794	Natl Def Med Ctr	1902
9812	United Arab Emirates Univ	1975
9814	Univ Massachusetts Boston	1852
9818	Univ Massachusetts Lowell	1894
9826	Rutgers - State Univ New Jersey	1825
9950	Iran Univ Med Sci	1973
10000	Qatar Univ	1973
10058	ITMO Univ	1900
10060	Kazan (Volga region) Fed Univ	1804
10084	Ural Fed Univ	1920
10109	Univ Calabria	1972
10113	Augusta Univ	1828
10261	COMSATS Inst Info Technol	1998
10267	Edith Cowan Univ	1991
10324	Inner Mongolia Univ	1957
10325	Wuhan Univ Sci & Technol	1898
10326	GuangZhou Univ	1927
10327	Xuzhou Med Coll	1958
10329	Changsha Univ Sci & Technol	1956
10330	Xi'An Univ Technol	1949
10331	Qufu Normal Univ	1955
10332	Dalian Maritime Univ	1909
10333	Nanjing Univ Chin Med	1954
10335	Henan Agr Univ	1912
10336	Jiangsu Normal Univ	1952
10337	Tianjin Univ Technol	1978
10338	Shandong Univ Sci & Technol	1951
10339	Beijing Univ Chin Med	1956
10344	Univ Montpellier	1289
10345	Australian Cath Univ	1991
10432	Univ Lille	1559
10435	Univ Chinese Acad Sci	1978
10445	Mohammed V Univ	1957
10548	Gustave Eiffel Univ	2020
10552	Inst Polytech Paris	2019
10553	Univ Paris-Saclay	2015
10554	Univ Paris Sci Lettres	2010
10560	Univ Côte d’Azur	2015
16188	Ulsan Natl Inst Sci & Technol	2007
16435	Jeju Natl Univ	1952
16437	Tezpur Univ	1994
16441	Univ Yamanashi	2002
16445	Indian Inst Technol (Indian Sch Mines)	1926
16446	Addis Ababa Univ	1950
16482	Inst Natl Recherche Sci	1969
18000	Southwest Petrol Univ	1958
18001	Univ Shanghai Sci & Technol	1906
18002	Fujian Agr & Forestry Univ	1936
18003	Xinjiang Med Univ	1956
18004	Chang'an Univ	1951
18005	Anhui Agr Univ	1928
18006	Huaqiao Univ	1960
18008	Harbin Univ Sci & Technol	1950
18010	Southwest Univ Sci & Technol	1952
18012	Xi'an Univ Arch & Technol	1895
18015	Qingdao Agr Univ	1951
18016	Henan Univ Technol	1956
18017	Guilin Univ Technol	1956
18020	Shihezi Univ	1996
18021	Chengdu Univ Technol	1956
18023	Shanxi Med Univ	1919
18026	Hunan Agr Univ	1951
18028	Kunming Med Univ	1933
18030	China Three Gorges Univ	2000
18031	Xinxiang Med Univ	1950
18032	Hunan Univ Sci & Technol	1949
18033	S Cent Univ Nationalities	1951
18034	Guangdong Pharmaceut Univ	1958
18036	Wuhan Institute Technol	1972
18037	Hainan Univ	1958
18041	N China Univ Sci & Technol	1958
18043	Univ S China	2000
18053	Babol Noshirvani Univ Technol	1970
18055	Sahand Univ Technol	1989
18058	Univ Zanjan	1975
18065	Univ Teknologi Petronas	1997
18066	Natl Univ Sci & Technol - Islamabad	1991
18069	Gachon Univ	1939
18072	Auckland Univ Technol	1895
18076	Univ Tunis El Manar	2000
18077	Univ Monastir	2004
18085	Texas State Univ	1899
18090	Charles Sturt Univ	1989
18430	Univ California - Merced	2005
18535	Zhejiang Chinese Med Univ	1953
18537	Shenyang Agr Univ	1952
18540	Shanghai Maritime Univ	1909
18542	Chongqing Univ Posts & Telecommun	1950
18546	Guangzhou Univ Chinese Med	1956
18555	Al-Azhar Univ	970
18560	Shahid Chamran Univ Ahwaz	1955
18565	Ariel Univ	1982
18584	Incheon Natl Univ	1979
18682	Sorbonne Univ	2010
18685	Univ Sunshine Coast	1994
18700	South Univ Sci & Technol China	2009
18701	Anhui Univ Sci & Technol	1945
18707	Beijing Technol & Business Univ	1998
18711	Yangtze Univ	1950
18801	Univ Nigeria	1955
18891	Singapore Univ Technol & Design	2009
18894	Ton Duc Thang Univ	1997
18980	Daegu Gyeongbuk Inst Sci & Technol DGIST	2004
18988	Khalifa Univ Sci & Technol	2007
19121	Malek Ashtar Univ Technol	1985
19130	Indian Inst Technol Indore	2009
19131	Homi Bhabha Natl Inst	2005
19132	Acad Sci & Innovat Res	2010
19133	IIEST Shibpur	1856
19138	SRM Inst Sci & Technol	1985
32912	Universidade Lisboa	1911
101154	Soonchunhyang Univ	1978
101177	Payame Noor Univ	1987
9678	China Univ Petrol E China	1953
10551	Univ Paris	1150
10561	Univ Grenoble Alpes	1339
19006	Univ Clermont-Auvergne	2017
33166	Univ Hlth Sci	2015